order_time,order_count
7:27:47 PM,2
11:31:34 AM,2
3:37:45 PM,2
12:33:51 PM,1
12:23:38 PM,7
12:20:31 PM,3
3:17:51 PM,2
5:12:51 PM,1
1:39:29 PM,3
4:43:26 PM,2
6:27:56 PM,2
10:16:39 PM,4
3:46:10 PM,2
7:38:24 PM,2
11:18:31 AM,1
12:29:32 PM,1
12:40:41 PM,5
10:23:48 PM,1
12:39:57 PM,4
1:28:07 PM,1
7:19:40 PM,2
8:07:36 PM,4
7:38:31 PM,4
5:07:45 PM,4
6:56:26 PM,1
8:28:06 PM,3
5:02:33 PM,1
9:58:47 PM,4
7:58:10 PM,4
9:50:23 PM,2
2:44:56 PM,1
4:53:23 PM,2
7:33:57 PM,2
8:41:28 PM,2
9:00:56 PM,1
10:52:37 PM,3
12:55:30 PM,1
6:09:39 PM,2
2:43:13 PM,1
5:31:07 PM,4
6:36:33 PM,2
3:47:14 PM,4
6:36:32 PM,4
1:38:19 PM,1
5:09:43 PM,2
5:51:47 PM,3
12:24:10 PM,7
12:25:20 PM,4
9:21:49 PM,2
5:30:04 PM,2
12:38:27 PM,1
5:28:05 PM,6
7:15:11 PM,3
6:16:32 PM,2
7:56:33 PM,1
5:14:26 PM,3
1:10:44 PM,1
1:42:20 PM,1
1:14:06 PM,1
9:51:44 PM,4
6:21:25 PM,3
8:29:23 PM,1
1:12:48 PM,3
5:47:25 PM,1
8:07:26 PM,3
12:08:42 PM,2
5:40:49 PM,5
9:48:31 PM,4
1:07:20 PM,4
11:36:03 AM,3
12:22:05 PM,12
4:07:56 PM,3
4:14:57 PM,3
12:18:01 PM,2
10:47:49 PM,3
1:33:58 PM,3
8:05:31 PM,4
1:10:13 PM,7
4:08:35 PM,1
4:55:24 PM,3
6:18:11 PM,3
1:16:55 PM,2
7:24:16 PM,3
1:46:01 PM,2
3:37:13 PM,1
5:48:51 PM,1
4:47:49 PM,2
8:09:43 PM,3
11:25:48 AM,2
9:36:02 PM,1
8:59:07 PM,3
10:13:47 PM,1
9:52:10 PM,4
6:26:42 PM,6
3:22:43 PM,1
8:02:25 PM,1
11:46:56 AM,3
12:56:04 PM,1
8:01:50 PM,1
5:23:46 PM,1
5:44:46 PM,4
10:00:43 PM,2
8:52:05 PM,2
1:12:40 PM,7
11:40:25 AM,2
3:55:09 PM,4
6:39:22 PM,1
7:44:04 PM,1
12:19:00 PM,4
4:44:33 PM,2
7:49:58 PM,4
6:10:58 PM,4
12:04:18 PM,1
2:03:50 PM,2
6:50:34 PM,1
3:22:11 PM,4
5:56:07 PM,3
6:22:01 PM,2
10:04:12 PM,1
12:16:39 PM,3
7:00:12 PM,1
2:35:50 PM,1
4:06:23 PM,2
9:40:33 PM,4
4:58:21 PM,4
6:14:43 PM,3
9:31:51 PM,4
11:24:02 AM,2
8:23:21 PM,2
11:47:42 AM,1
1:26:50 PM,3
12:44:27 PM,1
6:26:20 PM,3
7:50:19 PM,1
11:59:04 AM,2
7:12:38 PM,2
12:06:09 PM,3
7:39:32 PM,1
1:43:19 PM,1
4:59:23 PM,2
1:04:54 PM,4
5:02:58 PM,2
12:38:38 PM,10
6:22:07 PM,2
1:19:52 PM,1
2:18:56 PM,6
12:03:27 PM,6
1:17:44 PM,1
2:16:54 PM,4
11:41:20 AM,4
3:01:31 PM,1
2:35:06 PM,1
7:30:41 PM,4
12:34:53 PM,1
6:54:47 PM,2
3:21:55 PM,2
8:54:18 PM,1
4:01:11 PM,1
6:50:38 PM,3
5:41:31 PM,1
8:41:58 PM,1
4:34:07 PM,3
5:52:27 PM,2
4:05:58 PM,1
2:07:36 PM,8
4:10:57 PM,4
11:23:30 AM,1
8:03:59 PM,1
7:38:28 PM,4
6:47:16 PM,4
5:21:15 PM,2
10:15:02 PM,3
4:51:29 PM,2
7:13:12 PM,1
5:13:08 PM,3
6:25:01 PM,1
1:04:35 PM,1
3:39:09 PM,1
1:47:57 PM,4
12:34:38 PM,1
7:18:36 PM,4
5:03:09 PM,2
7:57:44 PM,3
9:26:47 PM,2
2:33:01 PM,1
3:11:17 PM,3
6:48:28 PM,2
8:14:03 PM,2
1:37:46 PM,4
4:44:49 PM,2
12:37:48 PM,7
2:07:52 PM,2
8:40:40 PM,1
8:10:32 PM,1
12:14:46 PM,1
2:06:04 PM,4
1:47:07 PM,1
1:53:40 PM,1
4:59:11 PM,2
1:13:54 PM,11
12:31:40 PM,1
8:08:25 PM,2
8:19:34 PM,1
5:47:46 PM,4
12:24:44 PM,4
6:15:26 PM,4
1:16:03 PM,1
2:31:10 PM,3
11:54:14 AM,3
12:07:54 PM,2
6:53:07 PM,3
8:59:17 PM,2
12:22:47 PM,1
5:32:37 PM,3
7:15:58 PM,1
6:50:18 PM,2
2:05:30 PM,2
5:29:20 PM,4
7:57:16 PM,1
9:32:12 PM,2
7:51:17 PM,1
5:34:41 PM,2
1:03:52 PM,1
7:08:43 PM,4
12:43:20 PM,5
5:39:14 PM,4
6:37:11 PM,2
7:50:29 PM,3
5:55:08 PM,1
6:49:21 PM,2
7:18:58 PM,1
6:04:45 PM,1
7:57:52 PM,2
7:42:54 PM,4
6:16:05 PM,1
12:51:46 PM,4
1:03:14 PM,7
5:24:24 PM,2
4:57:05 PM,2
1:20:41 PM,2
6:45:57 PM,2
4:06:10 PM,1
7:42:41 PM,1
4:07:40 PM,6
12:44:20 PM,2
2:58:42 PM,2
6:56:35 PM,1
2:00:38 PM,2
5:28:57 PM,4
12:41:52 PM,4
1:26:36 PM,1
6:11:03 PM,1
12:01:09 PM,2
5:42:36 PM,1
11:52:25 AM,1
10:22:00 PM,1
5:15:09 PM,3
1:02:58 PM,2
8:08:07 PM,4
8:51:42 PM,1
2:51:35 PM,2
9:29:50 PM,1
6:56:49 PM,1
6:22:29 PM,1
7:06:56 PM,2
3:00:13 PM,3
6:17:38 PM,2
9:24:32 PM,2
1:19:45 PM,2
6:46:32 PM,1
4:16:21 PM,1
6:05:26 PM,1
2:08:37 PM,1
3:07:18 PM,2
11:05:17 PM,3
6:17:47 PM,1
11:45:56 AM,4
1:02:15 PM,12
6:57:07 PM,2
1:20:55 PM,2
5:55:48 PM,5
7:10:51 PM,1
6:25:09 PM,4
5:45:48 PM,2
11:55:59 AM,3
8:25:45 PM,3
6:23:59 PM,3
7:03:11 PM,1
5:09:36 PM,5
11:35:30 AM,1
12:42:17 PM,1
2:06:41 PM,5
3:59:07 PM,2
5:46:43 PM,2
7:28:42 PM,1
4:23:44 PM,3
10:43:07 PM,4
4:18:31 PM,2
9:13:14 PM,2
6:31:29 PM,3
8:20:37 PM,3
8:08:34 PM,2
5:31:20 PM,1
8:14:02 PM,4
8:31:44 PM,2
4:38:07 PM,3
11:40:57 AM,2
9:34:17 PM,1
8:16:44 PM,3
6:44:01 PM,3
12:10:12 PM,1
4:12:26 PM,2
8:28:50 PM,2
8:58:19 PM,2
12:46:40 PM,2
2:02:18 PM,12
4:44:16 PM,1
10:06:53 PM,1
9:55:05 PM,2
4:13:08 PM,2
1:51:56 PM,2
8:04:33 PM,2
7:40:04 PM,4
1:18:02 PM,1
1:04:34 PM,1
5:45:10 PM,2
5:54:08 PM,1
6:19:59 PM,4
12:34:14 PM,1
12:37:23 PM,1
5:25:02 PM,3
5:07:20 PM,1
3:42:29 PM,2
1:19:18 PM,2
7:40:42 PM,2
10:07:32 PM,3
5:32:44 PM,3
1:09:09 PM,2
1:49:40 PM,2
1:11:15 PM,1
12:13:15 PM,4
11:19:51 AM,1
5:31:36 PM,2
4:07:18 PM,1
12:22:58 PM,2
7:35:44 PM,1
11:26:13 AM,1
3:45:48 PM,2
6:12:32 PM,4
5:29:25 PM,2
1:08:59 PM,2
12:56:47 PM,1
7:11:01 PM,3
11:37:02 AM,2
4:28:16 PM,7
7:32:04 PM,2
12:14:01 PM,2
1:26:18 PM,2
9:43:10 PM,2
12:24:23 PM,1
3:44:12 PM,2
5:37:05 PM,3
2:07:35 PM,1
1:25:39 PM,2
8:11:35 PM,3
8:46:18 PM,7
5:47:55 PM,2
6:05:04 PM,3
7:07:15 PM,1
1:23:13 PM,1
5:36:07 PM,1
6:02:29 PM,2
2:19:46 PM,1
6:09:41 PM,2
3:22:51 PM,2
1:22:54 PM,4
7:56:12 PM,4
8:45:53 PM,2
6:52:11 PM,4
7:37:36 PM,3
3:36:28 PM,1
4:16:31 PM,3
2:01:02 PM,4
3:47:49 PM,4
5:05:08 PM,3
6:52:18 PM,2
4:07:14 PM,1
12:39:12 PM,1
1:35:14 PM,1
6:20:38 PM,2
6:10:04 PM,1
11:54:55 AM,1
4:32:41 PM,2
12:18:19 PM,10
2:07:24 PM,4
11:18:58 AM,1
12:21:49 PM,1
6:13:19 PM,1
7:53:24 PM,4
9:09:47 PM,1
12:08:52 PM,5
1:38:34 PM,12
3:57:10 PM,3
5:15:19 PM,3
12:43:04 PM,2
3:12:32 PM,2
6:22:03 PM,1
6:26:34 PM,2
6:33:00 PM,1
5:23:03 PM,1
9:07:05 PM,1
12:07:21 PM,4
1:09:11 PM,1
5:35:14 PM,3
12:01:23 PM,1
7:38:17 PM,4
7:51:37 PM,4
4:29:13 PM,2
12:49:11 PM,1
4:39:31 PM,2
1:15:18 PM,1
12:27:17 PM,1
5:28:49 PM,1
9:58:09 PM,3
10:20:14 PM,2
5:42:09 PM,6
6:25:31 PM,1
12:44:34 PM,3
6:28:49 PM,2
4:57:19 PM,4
8:25:53 PM,4
9:05:40 PM,1
5:59:40 PM,2
11:37:06 AM,2
4:59:39 PM,1
8:02:51 PM,3
4:45:47 PM,2
4:48:03 PM,4
8:29:10 PM,1
9:35:08 PM,2
3:09:20 PM,2
4:25:39 PM,5
1:48:38 PM,4
5:15:58 PM,2
7:46:45 PM,4
5:49:20 PM,1
8:11:00 PM,2
12:01:47 PM,3
8:30:09 PM,1
6:30:06 PM,1
5:51:20 PM,1
11:33:30 AM,4
1:18:11 PM,3
4:23:18 PM,3
6:04:35 PM,2
8:30:06 PM,3
1:04:15 PM,1
5:35:56 PM,2
9:42:56 PM,4
3:32:59 PM,4
9:34:23 PM,1
7:02:30 PM,1
5:58:53 PM,2
10:29:57 PM,1
2:32:56 PM,1
7:35:02 PM,1
4:36:02 PM,1
2:21:03 PM,2
3:31:22 PM,4
11:47:47 AM,1
1:03:47 PM,2
2:29:34 PM,1
7:58:25 PM,1
7:31:55 PM,3
7:53:41 PM,2
12:54:29 PM,2
11:37:54 AM,4
5:13:34 PM,3
5:37:50 PM,4
3:16:07 PM,2
12:37:26 PM,1
6:41:01 PM,1
3:28:59 PM,4
9:25:20 PM,1
5:37:26 PM,1
12:57:07 PM,2
6:43:24 PM,2
10:28:44 PM,3
1:31:47 PM,6
7:51:00 PM,4
6:59:56 PM,4
8:58:36 PM,3
2:30:22 PM,4
5:16:27 PM,2
1:44:40 PM,5
8:43:58 PM,5
12:51:43 PM,2
12:39:02 PM,3
6:17:40 PM,4
12:52:34 PM,1
1:29:45 PM,2
4:15:17 PM,1
4:46:41 PM,2
3:29:07 PM,1
1:26:03 PM,1
12:40:13 PM,2
11:48:12 AM,4
1:53:46 PM,1
7:15:56 PM,2
5:14:30 PM,1
3:41:01 PM,1
5:54:36 PM,2
4:39:58 PM,4
3:49:21 PM,2
1:03:34 PM,3
4:41:27 PM,3
7:31:47 PM,5
1:17:45 PM,3
7:12:48 PM,3
10:08:10 PM,4
10:19:33 PM,4
9:07:01 PM,1
1:17:12 PM,1
3:00:24 PM,1
12:02:14 PM,2
5:13:02 PM,2
12:05:10 PM,1
9:30:26 PM,3
12:33:38 PM,4
5:26:31 PM,1
4:46:37 PM,3
5:52:21 PM,2
12:02:42 PM,1
4:26:30 PM,1
2:47:21 PM,1
6:41:26 PM,4
2:57:41 PM,2
5:49:16 PM,2
2:14:26 PM,1
5:59:12 PM,2
2:12:31 PM,4
2:33:30 PM,1
5:37:44 PM,2
7:08:33 PM,2
9:45:38 PM,2
6:12:28 PM,2
3:07:35 PM,4
11:21:49 AM,1
7:39:56 PM,3
2:50:29 PM,1
3:16:20 PM,1
3:25:11 PM,2
2:46:51 PM,2
1:23:48 PM,1
7:52:52 PM,1
6:33:24 PM,1
5:06:29 PM,1
2:06:43 PM,4
8:25:19 PM,2
2:23:01 PM,4
10:03:40 PM,1
8:01:28 PM,1
11:57:38 AM,2
12:56:45 PM,12
2:08:12 PM,1
2:04:36 PM,6
6:07:48 PM,2
1:08:25 PM,5
1:07:52 PM,1
11:55:01 AM,2
9:07:17 PM,2
1:39:45 PM,1
1:42:16 PM,1
5:20:08 PM,2
12:13:41 PM,2
2:20:14 PM,2
6:58:26 PM,2
1:35:59 PM,1
2:01:10 PM,2
11:31:41 AM,2
8:20:00 PM,1
6:31:54 PM,2
4:20:07 PM,2
4:40:21 PM,1
12:38:05 PM,12
3:27:34 PM,3
7:49:03 PM,3
8:12:16 PM,2
10:27:51 PM,1
9:37:57 PM,2
7:37:12 PM,2
9:21:24 PM,1
1:09:29 PM,1
3:41:50 PM,1
12:08:38 PM,1
6:46:25 PM,2
6:17:15 PM,2
6:13:15 PM,3
6:18:51 PM,4
2:17:05 PM,2
8:57:30 PM,2
9:03:29 PM,2
1:37:57 PM,8
6:16:27 PM,2
12:35:50 PM,4
2:15:01 PM,1
11:56:22 AM,5
2:43:41 PM,3
12:39:13 PM,3
6:29:51 PM,4
12:33:09 PM,1
6:45:37 PM,2
7:35:19 PM,4
11:47:53 AM,3
12:49:53 PM,1
6:11:17 PM,1
12:16:31 PM,1
10:46:13 PM,2
8:27:26 PM,2
4:56:39 PM,2
4:21:10 PM,4
6:00:48 PM,4
8:06:41 PM,3
5:27:29 PM,2
3:44:22 PM,2
9:28:44 PM,4
5:22:30 PM,3
1:45:23 PM,1
8:01:34 PM,1
5:22:08 PM,4
6:56:36 PM,2
1:35:17 PM,2
12:06:00 PM,2
4:19:49 PM,2
2:40:36 PM,1
12:00:40 PM,1
8:03:49 PM,2
5:11:39 PM,4
3:32:39 PM,3
10:13:24 PM,3
6:21:59 PM,2
5:33:49 PM,3
7:02:31 PM,4
2:42:14 PM,1
4:03:38 PM,4
5:22:00 PM,1
6:27:40 PM,4
5:05:14 PM,4
5:43:01 PM,2
1:08:52 PM,1
5:01:44 PM,2
6:13:32 PM,3
10:54:43 PM,2
6:43:20 PM,2
1:51:14 PM,4
10:11:07 PM,3
5:19:47 PM,1
3:57:50 PM,2
12:34:45 PM,1
5:30:54 PM,4
1:16:23 PM,4
1:39:44 PM,1
7:28:49 PM,1
6:59:32 PM,2
12:12:05 PM,5
6:46:54 PM,5
1:07:32 PM,2
3:53:56 PM,1
4:31:56 PM,2
6:50:51 PM,7
12:37:39 PM,2
12:19:02 PM,1
3:59:08 PM,3
6:27:37 PM,1
5:15:18 PM,2
5:17:29 PM,3
8:46:45 PM,2
6:46:03 PM,2
10:26:28 PM,1
6:22:25 PM,1
10:22:32 PM,2
12:56:07 PM,1
4:01:29 PM,5
2:04:41 PM,3
1:47:15 PM,10
11:38:08 AM,4
6:01:34 PM,4
7:25:15 PM,1
5:49:01 PM,2
12:45:57 PM,2
1:14:19 PM,1
2:44:44 PM,2
2:10:08 PM,1
1:44:28 PM,12
1:37:50 PM,7
3:59:52 PM,4
12:15:35 PM,4
8:13:25 PM,1
12:22:41 PM,2
4:28:19 PM,1
8:48:12 PM,1
4:34:55 PM,4
6:22:23 PM,1
1:34:25 PM,4
5:30:16 PM,2
5:57:15 PM,2
3:04:49 PM,3
4:58:29 PM,2
3:37:24 PM,1
8:51:13 PM,4
9:12:07 PM,3
7:53:17 PM,4
6:21:03 PM,2
8:03:05 PM,2
4:58:24 PM,1
7:05:13 PM,4
5:54:04 PM,2
8:53:42 PM,1
3:37:18 PM,2
2:15:02 PM,3
3:33:19 PM,2
1:14:15 PM,1
10:05:37 PM,1
3:29:05 PM,2
12:27:55 PM,2
2:55:20 PM,4
9:57:20 PM,1
2:03:04 PM,13
12:22:59 PM,2
9:11:59 PM,1
9:45:46 PM,2
11:25:30 AM,1
6:09:55 PM,1
4:51:56 PM,2
11:40:28 AM,1
6:13:00 PM,3
12:00:21 PM,2
3:11:35 PM,2
5:19:30 PM,3
12:47:09 PM,1
8:17:32 PM,2
4:12:56 PM,3
12:20:14 PM,1
12:40:38 PM,6
7:37:09 PM,3
4:44:53 PM,1
2:48:45 PM,1
7:36:00 PM,4
12:29:34 PM,2
6:33:08 PM,2
7:51:09 PM,1
3:52:44 PM,1
2:27:31 PM,1
1:13:52 PM,2
7:23:24 PM,2
6:12:26 PM,2
8:15:35 PM,1
11:17:08 AM,4
12:58:32 PM,6
7:55:12 PM,4
8:57:53 PM,4
4:28:32 PM,2
6:02:00 PM,4
2:00:23 PM,2
11:44:58 AM,1
9:59:36 PM,2
12:00:55 PM,4
9:53:59 PM,2
12:00:25 PM,2
5:08:46 PM,1
1:04:42 PM,4
11:35:08 AM,1
12:17:42 PM,2
5:10:07 PM,1
1:38:50 PM,13
11:28:33 AM,4
8:09:20 PM,4
2:36:07 PM,3
2:14:03 PM,1
10:22:17 PM,2
9:55:00 PM,2
1:47:03 PM,1
2:07:03 PM,1
12:24:43 PM,4
6:49:43 PM,3
3:29:44 PM,4
7:18:43 PM,3
9:28:14 PM,2
2:42:50 PM,1
11:18:22 AM,1
7:20:18 PM,2
5:04:55 PM,1
9:09:19 PM,2
12:35:03 PM,1
5:44:17 PM,2
1:11:55 PM,1
11:34:10 AM,3
9:55:42 PM,2
4:41:48 PM,3
1:04:24 PM,4
12:04:15 PM,4
4:38:21 PM,4
9:05:39 PM,1
7:39:08 PM,1
7:29:29 PM,3
3:34:03 PM,1
2:17:18 PM,1
8:12:37 PM,3
11:34:00 AM,1
12:14:11 PM,1
5:30:49 PM,4
2:48:44 PM,1
8:00:01 PM,1
4:51:53 PM,4
1:59:35 PM,1
3:01:24 PM,1
11:52:18 AM,4
5:54:10 PM,3
3:54:30 PM,2
7:45:15 PM,1
8:11:25 PM,2
5:18:50 PM,2
3:20:36 PM,2
4:20:22 PM,2
12:39:05 PM,12
10:02:08 PM,1
12:26:17 PM,2
4:16:19 PM,1
4:14:27 PM,1
2:58:48 PM,2
3:40:20 PM,1
11:59:14 AM,2
5:52:15 PM,1
7:30:07 PM,3
7:45:33 PM,3
6:21:17 PM,3
8:34:26 PM,4
12:16:27 PM,3
11:48:28 AM,3
4:13:37 PM,2
6:29:01 PM,1
1:34:21 PM,1
1:09:51 PM,1
6:29:17 PM,3
11:21:11 AM,3
8:49:29 PM,4
11:52:11 AM,4
7:20:46 PM,4
1:00:47 PM,2
1:38:04 PM,1
12:37:42 PM,2
12:41:02 PM,1
1:54:55 PM,2
4:21:18 PM,2
5:12:37 PM,1
11:49:27 AM,1
3:38:29 PM,2
10:42:37 PM,4
4:26:39 PM,1
2:09:30 PM,2
2:55:28 PM,1
2:25:34 PM,2
11:56:55 AM,1
12:18:35 PM,1
6:48:37 PM,2
5:29:30 PM,1
6:53:06 PM,2
9:01:24 PM,2
12:10:49 PM,2
1:51:21 PM,2
1:21:20 PM,4
8:08:22 PM,1
3:43:28 PM,4
3:48:00 PM,1
3:04:17 PM,1
1:59:16 PM,4
8:45:09 PM,1
12:57:21 PM,1
12:51:26 PM,1
9:35:05 PM,2
11:50:16 AM,4
7:06:41 PM,3
6:58:46 PM,3
1:05:06 PM,3
6:00:49 PM,1
12:31:01 PM,2
5:14:55 PM,2
11:34:26 AM,2
8:38:40 PM,1
12:55:44 PM,5
1:09:48 PM,2
1:24:35 PM,8
4:56:04 PM,4
1:13:41 PM,1
5:23:52 PM,3
7:25:25 PM,1
2:29:11 PM,1
4:07:00 PM,4
12:34:00 PM,1
4:34:57 PM,4
7:10:40 PM,4
6:23:13 PM,1
12:30:46 PM,1
10:10:57 PM,2
8:20:20 PM,2
11:52:09 AM,2
5:21:37 PM,2
3:58:06 PM,2
1:15:28 PM,5
4:46:25 PM,2
1:50:14 PM,1
7:34:40 PM,3
4:39:37 PM,3
12:42:55 PM,3
4:09:05 PM,2
5:29:55 PM,2
6:28:15 PM,1
5:48:06 PM,3
6:01:50 PM,2
11:27:07 AM,2
1:01:37 PM,1
2:01:43 PM,1
4:25:42 PM,4
7:43:26 PM,1
4:17:16 PM,2
8:08:39 PM,3
10:04:05 PM,1
3:50:49 PM,2
6:17:26 PM,1
4:22:21 PM,1
3:07:16 PM,1
5:00:13 PM,2
2:25:11 PM,3
6:51:54 PM,1
11:31:10 AM,1
12:19:47 PM,2
12:23:58 PM,1
12:10:37 PM,1
2:25:40 PM,1
9:44:25 PM,1
6:03:29 PM,4
1:10:12 PM,1
6:50:08 PM,4
4:27:45 PM,3
5:04:51 PM,1
6:08:01 PM,2
6:02:16 PM,1
3:30:34 PM,2
2:33:24 PM,5
5:09:06 PM,2
6:16:34 PM,1
2:09:05 PM,1
12:19:14 PM,1
2:14:29 PM,1
2:40:42 PM,1
12:29:17 PM,1
1:20:39 PM,1
8:37:40 PM,3
12:58:16 PM,3
3:05:29 PM,2
12:26:41 PM,6
4:12:57 PM,3
7:16:11 PM,1
12:14:22 PM,1
3:00:11 PM,3
9:32:38 PM,1
6:57:06 PM,1
7:54:31 PM,4
5:36:09 PM,6
6:54:41 PM,2
2:51:01 PM,1
5:02:17 PM,1
1:20:44 PM,1
7:01:48 PM,1
3:26:00 PM,2
9:03:42 PM,4
1:07:13 PM,3
5:50:20 PM,2
2:24:19 PM,2
7:14:28 PM,1
3:05:40 PM,2
5:10:42 PM,4
9:07:34 PM,1
5:03:00 PM,2
2:32:51 PM,1
12:57:39 PM,1
2:13:01 PM,1
3:41:32 PM,3
5:11:07 PM,8
12:29:13 PM,1
11:45:37 AM,9
2:12:26 PM,6
11:52:57 AM,4
6:37:22 PM,4
2:57:11 PM,1
10:16:08 PM,2
6:11:25 PM,4
12:25:17 PM,7
3:31:14 PM,6
7:38:29 PM,1
5:50:18 PM,2
6:50:06 PM,4
7:26:46 PM,2
9:50:42 PM,4
12:23:43 PM,2
5:22:05 PM,2
5:37:19 PM,4
9:28:39 PM,1
12:47:14 PM,2
7:20:28 PM,1
12:46:49 PM,9
12:57:32 PM,2
4:43:44 PM,2
7:59:11 PM,1
3:36:22 PM,2
1:14:57 PM,11
6:41:34 PM,4
7:11:53 PM,2
2:17:42 PM,1
5:58:23 PM,2
3:55:42 PM,1
9:04:56 PM,2
6:12:13 PM,2
12:16:58 PM,2
9:39:41 PM,1
2:04:23 PM,9
12:20:28 PM,1
3:11:01 PM,4
10:41:26 PM,1
11:48:35 AM,2
9:12:20 PM,1
4:15:29 PM,2
4:51:16 PM,2
6:44:40 PM,2
9:26:48 PM,1
4:01:07 PM,1
6:54:51 PM,4
4:52:17 PM,1
5:18:18 PM,2
7:35:07 PM,3
6:15:03 PM,1
11:59:23 AM,1
2:55:23 PM,1
11:39:08 AM,3
4:57:55 PM,5
5:57:12 PM,2
6:10:26 PM,2
5:12:03 PM,2
11:48:59 AM,6
10:54:03 AM,2
11:50:01 AM,2
6:24:12 PM,3
5:50:48 PM,3
6:33:20 PM,2
2:22:15 PM,2
8:04:52 PM,1
11:16:40 AM,4
11:22:59 AM,1
2:15:57 PM,1
4:16:37 PM,3
7:23:01 PM,1
5:35:30 PM,3
10:10:38 PM,1
7:45:58 PM,1
12:32:10 PM,2
8:57:41 PM,2
4:27:40 PM,1
8:23:41 PM,2
4:12:21 PM,3
1:32:52 PM,1
2:17:13 PM,1
1:31:08 PM,3
12:09:40 PM,1
8:16:54 PM,3
6:24:31 PM,1
1:18:54 PM,1
5:07:31 PM,1
1:01:24 PM,1
6:49:00 PM,3
2:51:20 PM,3
12:48:55 PM,10
8:33:42 PM,2
1:45:41 PM,2
5:59:15 PM,3
9:34:09 PM,2
3:43:03 PM,4
5:37:49 PM,4
3:35:32 PM,3
10:03:09 PM,2
7:44:36 PM,3
12:47:24 PM,2
2:08:29 PM,1
7:26:35 PM,1
8:24:59 PM,1
9:23:19 PM,5
6:59:29 PM,1
5:24:47 PM,3
2:37:38 PM,4
8:40:02 PM,3
4:20:30 PM,2
12:20:33 PM,1
5:12:25 PM,2
7:02:19 PM,4
8:54:46 PM,1
5:41:19 PM,6
2:28:31 PM,1
4:15:25 PM,2
10:03:03 PM,1
7:07:54 PM,2
6:42:29 PM,1
10:16:46 PM,1
2:31:56 PM,3
5:41:37 PM,5
6:21:04 PM,2
8:31:17 PM,4
10:14:41 PM,2
2:45:05 PM,2
11:43:36 AM,1
1:27:10 PM,4
11:54:36 AM,2
8:22:27 PM,4
12:48:03 PM,6
9:27:34 PM,4
3:46:43 PM,2
6:02:19 PM,4
2:08:51 PM,5
1:14:53 PM,1
4:48:23 PM,2
5:35:10 PM,1
12:06:46 PM,2
1:35:54 PM,2
6:16:35 PM,3
2:49:01 PM,2
1:51:19 PM,1
2:24:14 PM,1
5:23:34 PM,1
12:07:30 PM,2
8:08:08 PM,4
5:21:24 PM,1
5:24:07 PM,2
12:45:39 PM,1
7:27:59 PM,2
9:01:41 PM,6
5:10:44 PM,2
10:29:54 PM,1
2:39:07 PM,4
11:39:10 AM,3
1:44:24 PM,3
3:58:38 PM,4
11:51:02 AM,3
5:06:11 PM,3
3:59:35 PM,3
3:22:38 PM,1
5:06:27 PM,2
5:27:45 PM,2
7:01:59 PM,1
2:37:13 PM,2
12:57:51 PM,3
10:32:49 PM,2
11:45:18 AM,3
12:25:37 PM,1
9:46:49 PM,1
5:48:57 PM,2
8:27:18 PM,2
11:50:26 AM,1
6:28:51 PM,2
4:08:02 PM,2
7:12:25 PM,3
3:05:43 PM,1
8:09:54 PM,3
7:36:30 PM,2
12:33:36 PM,3
1:35:13 PM,1
7:17:04 PM,1
6:57:55 PM,4
1:01:48 PM,1
8:39:45 PM,3
8:47:26 PM,3
3:45:56 PM,4
4:03:18 PM,2
12:24:49 PM,1
2:30:10 PM,2
4:45:03 PM,2
8:45:48 PM,3
8:21:14 PM,3
7:17:09 PM,1
12:06:28 PM,3
4:37:17 PM,3
5:46:30 PM,2
5:10:38 PM,5
4:30:14 PM,4
4:35:46 PM,1
3:28:09 PM,1
8:01:54 PM,1
6:31:26 PM,2
9:41:42 PM,1
9:20:25 PM,2
8:55:05 PM,3
2:16:57 PM,1
5:17:04 PM,2
6:41:16 PM,2
8:34:43 PM,4
1:33:17 PM,1
8:20:38 PM,4
4:22:45 PM,2
1:14:23 PM,4
12:29:41 PM,1
11:17:13 AM,4
4:36:36 PM,4
5:00:53 PM,2
6:12:31 PM,2
5:37:59 PM,1
5:26:23 PM,4
1:51:07 PM,1
2:19:34 PM,4
11:19:17 AM,2
9:23:02 PM,2
5:53:26 PM,2
4:28:40 PM,4
8:59:06 PM,1
1:37:11 PM,2
4:43:03 PM,2
3:12:31 PM,2
3:41:20 PM,1
7:26:01 PM,3
3:18:05 PM,4
4:42:00 PM,1
4:12:31 PM,2
6:52:00 PM,5
4:16:29 PM,2
1:08:15 PM,2
1:29:48 PM,1
6:27:50 PM,4
12:06:03 PM,1
1:41:13 PM,2
6:47:06 PM,1
1:23:29 PM,2
1:21:57 PM,1
5:11:54 PM,2
3:50:01 PM,1
6:31:59 PM,2
10:32:11 PM,2
4:26:11 PM,1
2:11:49 PM,4
1:52:56 PM,1
7:11:21 PM,1
7:35:28 PM,1
5:24:23 PM,1
1:36:13 PM,4
9:34:03 PM,2
8:37:13 PM,1
1:39:34 PM,4
1:51:45 PM,1
5:28:55 PM,4
3:35:21 PM,1
5:27:06 PM,1
3:31:09 PM,1
6:54:17 PM,2
7:40:08 PM,3
3:30:10 PM,3
11:42:08 AM,1
2:53:25 PM,1
6:15:14 PM,3
5:11:28 PM,3
6:07:34 PM,2
5:44:52 PM,4
6:04:19 PM,2
8:13:16 PM,1
12:51:06 PM,1
2:29:17 PM,1
3:47:53 PM,1
10:55:11 PM,3
12:32:36 PM,3
6:46:17 PM,2
7:10:38 PM,1
9:28:26 PM,3
1:41:38 PM,1
9:14:47 PM,2
6:57:01 PM,4
7:51:36 PM,2
9:16:48 PM,3
10:29:34 PM,1
8:28:41 PM,2
7:30:25 PM,5
12:22:48 PM,4
10:47:17 PM,4
11:38:15 AM,1
8:57:40 PM,1
12:01:58 PM,2
6:13:43 PM,3
2:32:07 PM,1
3:32:22 PM,3
9:28:58 PM,1
6:55:40 PM,3
5:40:35 PM,1
12:38:36 PM,4
5:19:06 PM,1
11:37:34 AM,3
8:00:33 PM,4
1:17:11 PM,1
11:23:00 AM,4
5:35:37 PM,3
4:36:52 PM,1
6:48:54 PM,1
11:40:17 AM,1
3:09:42 PM,4
10:10:21 PM,2
11:34:52 AM,2
12:31:07 PM,1
7:32:08 PM,1
4:01:42 PM,2
5:33:56 PM,3
2:35:56 PM,2
4:15:40 PM,3
1:03:16 PM,1
2:10:27 PM,3
6:09:01 PM,3
6:32:58 PM,3
6:49:06 PM,2
5:23:12 PM,2
9:50:48 PM,3
6:18:27 PM,7
5:05:52 PM,1
5:27:18 PM,5
5:46:48 PM,4
3:00:38 PM,3
5:44:16 PM,1
4:31:44 PM,4
1:34:24 PM,1
12:24:39 PM,2
5:43:00 PM,1
2:21:19 PM,2
5:52:41 PM,3
12:53:01 PM,1
7:25:32 PM,2
5:48:16 PM,4
2:21:41 PM,1
7:43:15 PM,2
6:13:57 PM,3
6:13:17 PM,4
12:33:21 PM,1
3:24:02 PM,1
7:23:26 PM,1
7:34:04 PM,4
7:30:28 PM,1
12:08:37 PM,1
7:59:22 PM,1
8:14:22 PM,2
1:25:44 PM,3
9:36:46 PM,1
11:52:30 AM,2
9:39:51 PM,1
4:55:04 PM,1
9:10:58 PM,1
6:18:55 PM,1
12:12:58 PM,2
4:49:55 PM,1
1:41:03 PM,1
4:21:00 PM,1
7:03:19 PM,2
8:12:34 PM,4
5:54:05 PM,4
11:16:21 AM,2
8:23:12 PM,3
6:31:07 PM,2
10:16:24 PM,2
3:08:38 PM,1
7:54:37 PM,3
1:02:45 PM,1
2:21:10 PM,1
12:45:52 PM,3
6:53:35 PM,1
8:50:55 PM,1
11:30:32 AM,2
9:05:03 PM,2
2:50:01 PM,14
12:21:10 PM,3
8:20:41 PM,1
11:28:16 AM,4
2:23:45 PM,3
8:13:13 PM,1
2:40:54 PM,2
5:53:00 PM,1
1:29:30 PM,1
1:15:00 PM,1
3:39:00 PM,3
2:26:06 PM,1
8:42:48 PM,2
6:07:12 PM,1
7:27:23 PM,2
5:54:50 PM,2
12:26:06 PM,3
3:42:34 PM,3
4:48:42 PM,3
10:14:01 PM,1
11:50:10 AM,3
7:40:48 PM,4
7:59:09 PM,4
12:40:01 PM,1
6:59:05 PM,2
12:33:07 PM,2
12:26:47 PM,1
1:41:04 PM,4
1:10:45 PM,1
11:25:40 AM,3
8:23:34 PM,2
6:37:54 PM,3
12:39:31 PM,1
12:11:52 PM,1
4:40:26 PM,1
2:54:10 PM,1
4:50:00 PM,3
3:10:02 PM,1
1:25:04 PM,1
4:07:50 PM,2
1:12:55 PM,1
6:37:43 PM,2
9:49:42 PM,1
7:06:28 PM,2
12:50:24 PM,2
2:22:32 PM,1
7:59:23 PM,2
2:28:00 PM,1
2:00:05 PM,14
11:44:52 AM,1
7:20:41 PM,3
3:47:56 PM,2
8:07:01 PM,2
2:24:45 PM,1
9:21:23 PM,1
5:56:32 PM,1
10:08:01 PM,4
9:35:12 PM,1
12:16:09 PM,1
6:00:12 PM,3
3:27:42 PM,4
12:01:02 PM,4
12:39:18 PM,13
1:52:23 PM,12
1:07:39 PM,3
1:23:16 PM,1
5:07:58 PM,3
8:58:53 PM,1
12:48:02 PM,2
5:40:27 PM,1
11:25:41 AM,3
3:50:18 PM,2
4:20:23 PM,2
6:40:44 PM,2
5:55:58 PM,3
1:54:36 PM,2
3:29:57 PM,2
10:07:51 PM,1
6:55:27 PM,2
6:41:54 PM,2
1:43:11 PM,12
9:02:44 PM,4
1:13:19 PM,5
12:43:43 PM,3
4:23:12 PM,3
8:18:30 PM,1
5:40:50 PM,2
9:05:08 PM,2
6:28:33 PM,1
9:31:23 PM,4
7:08:35 PM,4
6:11:13 PM,3
12:52:56 PM,7
7:07:12 PM,1
5:33:38 PM,1
12:18:13 PM,1
6:55:54 PM,2
4:45:33 PM,3
11:56:06 AM,1
4:51:43 PM,3
1:10:17 PM,1
7:13:29 PM,2
2:03:45 PM,2
2:31:43 PM,2
12:56:30 PM,11
12:05:34 PM,3
2:25:20 PM,2
1:55:35 PM,1
12:47:12 PM,2
12:55:07 PM,1
1:06:36 PM,9
6:20:27 PM,3
1:54:52 PM,3
1:36:33 PM,4
12:58:29 PM,4
12:49:36 PM,1
12:03:11 PM,1
4:35:16 PM,3
1:43:36 PM,1
12:53:26 PM,8
12:29:40 PM,2
8:26:29 PM,3
8:10:10 PM,1
12:09:09 PM,1
10:02:45 PM,2
5:18:39 PM,4
1:31:14 PM,1
3:26:16 PM,2
12:43:17 PM,1
7:19:00 PM,4
7:52:22 PM,4
9:44:18 PM,3
1:29:47 PM,4
8:47:39 PM,2
12:44:07 PM,2
4:20:18 PM,1
12:44:01 PM,1
11:18:16 AM,2
2:55:57 PM,1
4:30:22 PM,3
7:57:35 PM,4
4:51:19 PM,4
5:58:30 PM,2
7:23:28 PM,3
10:19:06 PM,2
6:53:41 PM,1
11:41:16 AM,1
1:57:08 PM,1
12:53:37 PM,4
4:21:23 PM,5
7:03:05 PM,2
12:59:38 PM,4
1:42:25 PM,2
11:46:15 AM,2
12:30:05 PM,3
4:06:27 PM,3
11:32:11 AM,1
12:06:59 PM,12
6:28:37 PM,1
4:28:11 PM,2
7:43:37 PM,2
11:02:35 PM,3
12:08:19 PM,1
3:50:03 PM,5
5:34:27 PM,2
5:53:29 PM,2
5:13:38 PM,4
2:22:39 PM,2
2:19:44 PM,2
11:23:52 AM,3
8:24:32 PM,2
10:15:48 PM,1
12:28:49 PM,2
5:11:41 PM,4
3:55:24 PM,1
7:32:12 PM,4
2:06:19 PM,1
12:19:50 PM,3
6:22:51 PM,3
6:15:16 PM,2
12:04:27 PM,1
12:39:33 PM,2
1:07:16 PM,2
2:03:43 PM,1
4:05:39 PM,1
6:40:10 PM,3
12:12:28 PM,2
8:31:06 PM,1
12:18:21 PM,1
1:08:32 PM,1
12:39:16 PM,1
5:13:58 PM,8
4:50:36 PM,4
6:44:20 PM,2
6:50:13 PM,1
3:34:05 PM,1
12:43:07 PM,1
4:23:23 PM,1
3:18:55 PM,3
7:23:15 PM,2
10:18:41 PM,2
5:59:02 PM,2
7:43:03 PM,1
1:34:44 PM,1
12:18:47 PM,2
3:16:34 PM,1
5:12:39 PM,3
12:34:44 PM,1
2:29:23 PM,5
12:59:20 PM,1
12:30:09 PM,4
1:18:32 PM,2
6:49:59 PM,2
8:07:13 PM,4
2:46:45 PM,3
6:24:28 PM,1
8:26:06 PM,2
2:54:49 PM,3
2:13:09 PM,4
4:28:46 PM,1
1:07:01 PM,3
1:17:50 PM,1
1:27:47 PM,2
2:54:29 PM,1
8:12:13 PM,3
1:34:56 PM,1
8:21:54 PM,2
6:39:46 PM,2
12:07:16 PM,16
2:00:33 PM,2
1:43:32 PM,9
1:39:39 PM,12
1:49:46 PM,4
7:41:04 PM,1
1:45:56 PM,3
11:45:10 AM,3
3:46:38 PM,2
5:41:16 PM,2
8:35:40 PM,3
5:25:58 PM,1
7:04:40 PM,2
10:26:08 PM,1
3:58:42 PM,2
8:31:14 PM,2
1:23:21 PM,1
2:49:35 PM,8
5:59:32 PM,2
2:48:30 PM,1
5:05:06 PM,1
6:44:29 PM,1
9:37:09 PM,3
6:53:49 PM,8
7:14:00 PM,4
12:40:03 PM,1
8:01:13 PM,4
5:07:10 PM,1
6:54:43 PM,1
7:00:00 PM,3
4:28:00 PM,2
12:11:31 PM,2
7:31:42 PM,1
9:38:02 PM,1
12:37:22 PM,1
5:11:16 PM,4
10:27:17 PM,4
11:26:04 AM,4
3:47:01 PM,1
11:58:27 AM,2
9:31:30 PM,3
10:28:53 PM,2
7:54:00 PM,3
5:32:07 PM,4
3:08:03 PM,2
4:10:29 PM,3
3:05:00 PM,2
8:08:49 PM,1
4:51:22 PM,1
12:04:25 PM,1
1:07:53 PM,11
5:37:03 PM,2
6:06:06 PM,2
7:07:45 PM,2
9:16:01 PM,1
2:10:45 PM,2
7:06:06 PM,1
7:56:32 PM,2
6:00:46 PM,1
3:25:59 PM,4
7:07:28 PM,4
8:59:54 PM,1
12:34:40 PM,1
7:49:51 PM,4
5:29:42 PM,2
4:45:38 PM,4
12:48:27 PM,1
6:30:50 PM,3
6:35:46 PM,1
6:55:29 PM,2
1:11:16 PM,1
12:29:36 PM,2
6:01:44 PM,2
6:10:50 PM,4
1:14:17 PM,3
6:54:00 PM,1
11:25:10 AM,1
1:27:32 PM,1
2:35:32 PM,4
2:28:24 PM,2
12:21:25 PM,4
3:27:41 PM,1
7:57:06 PM,2
5:04:49 PM,2
12:07:09 PM,1
12:13:53 PM,3
7:17:34 PM,1
4:08:20 PM,1
2:09:02 PM,3
2:27:25 PM,1
8:38:50 PM,3
1:14:59 PM,4
6:40:50 PM,3
6:38:41 PM,2
4:16:36 PM,1
6:19:51 PM,1
10:23:41 PM,1
12:11:27 PM,2
12:34:37 PM,10
4:10:09 PM,1
7:50:37 PM,5
11:48:30 AM,1
1:19:51 PM,4
7:00:06 PM,2
5:49:13 PM,2
2:57:23 PM,4
2:59:35 PM,1
8:43:33 PM,2
12:01:30 PM,3
10:34:56 PM,2
2:16:26 PM,3
8:12:09 PM,1
1:44:49 PM,2
5:44:13 PM,2
10:10:20 PM,1
7:43:14 PM,1
4:30:25 PM,2
4:36:54 PM,6
7:54:25 PM,1
9:15:17 PM,2
4:39:28 PM,2
7:29:57 PM,3
3:00:00 PM,1
3:29:10 PM,3
9:16:40 PM,3
6:13:25 PM,2
4:38:56 PM,3
7:10:04 PM,4
9:05:17 PM,4
7:51:03 PM,2
7:18:13 PM,3
2:21:26 PM,1
12:17:36 PM,1
2:15:53 PM,1
12:10:15 PM,3
1:15:32 PM,2
11:55:10 AM,4
1:44:22 PM,3
4:10:34 PM,4
2:39:45 PM,4
3:17:39 PM,1
8:09:27 PM,3
10:11:38 PM,1
8:07:17 PM,5
5:16:39 PM,2
3:54:56 PM,3
7:21:12 PM,4
12:34:55 PM,1
7:12:55 PM,2
12:58:48 PM,2
5:44:06 PM,1
6:56:08 PM,2
12:10:54 PM,1
8:16:45 PM,2
4:09:49 PM,1
11:20:32 AM,1
6:49:27 PM,2
1:34:07 PM,3
4:21:21 PM,1
6:02:12 PM,4
4:43:32 PM,2
4:43:33 PM,3
9:36:19 PM,1
2:29:31 PM,1
3:08:45 PM,1
3:56:04 PM,2
3:15:26 PM,2
5:44:59 PM,3
9:11:38 PM,3
2:44:46 PM,1
5:08:54 PM,1
1:12:14 PM,2
12:35:28 PM,4
6:06:04 PM,3
11:53:11 AM,1
7:26:51 PM,2
12:53:50 PM,1
2:23:26 PM,9
12:56:06 PM,4
7:21:02 PM,6
10:14:02 PM,5
7:38:44 PM,2
9:14:22 PM,3
5:22:07 PM,2
11:28:54 AM,2
2:12:12 PM,3
5:37:54 PM,3
10:03:54 PM,2
3:23:30 PM,1
12:38:11 PM,5
2:30:19 PM,2
11:44:50 AM,4
12:46:22 PM,1
6:11:32 PM,1
12:49:26 PM,1
2:27:03 PM,1
4:44:46 PM,3
5:32:25 PM,1
1:24:14 PM,13
11:44:04 AM,3
6:25:11 PM,3
8:42:58 PM,1
6:09:56 PM,1
1:00:12 PM,1
4:57:14 PM,3
1:21:27 PM,6
6:50:39 PM,4
12:39:19 PM,8
11:37:52 AM,1
12:18:48 PM,2
11:49:36 AM,1
1:25:26 PM,1
6:29:24 PM,3
5:56:04 PM,4
4:17:47 PM,2
1:05:33 PM,1
4:56:42 PM,3
3:33:13 PM,1
6:32:36 PM,3
4:38:57 PM,1
5:04:08 PM,3
5:19:49 PM,1
12:54:56 PM,6
12:26:39 PM,4
8:28:32 PM,3
3:53:59 PM,4
11:20:37 AM,1
9:51:06 PM,3
1:22:07 PM,3
12:49:47 PM,1
3:49:29 PM,2
7:44:21 PM,2
3:35:59 PM,2
2:53:14 PM,2
3:38:35 PM,2
10:03:24 PM,2
7:28:38 PM,2
4:05:41 PM,2
5:03:36 PM,2
2:31:45 PM,2
1:57:47 PM,1
1:53:43 PM,8
7:41:51 PM,1
9:40:14 PM,3
12:31:00 PM,8
1:36:53 PM,7
2:45:22 PM,1
6:04:29 PM,2
7:20:20 PM,1
6:39:10 PM,3
12:36:42 PM,13
11:32:25 AM,1
6:50:33 PM,2
6:53:37 PM,1
3:11:36 PM,3
6:00:30 PM,4
7:59:10 PM,2
3:48:08 PM,3
1:48:02 PM,4
4:23:58 PM,4
10:03:13 PM,2
7:32:01 PM,4
8:20:11 PM,2
5:40:52 PM,2
5:15:48 PM,5
7:57:37 PM,1
11:58:36 AM,1
11:39:07 AM,3
7:38:40 PM,4
1:27:57 PM,2
7:26:06 PM,3
2:09:37 PM,4
4:16:16 PM,2
8:33:15 PM,1
4:08:36 PM,1
3:56:55 PM,2
6:30:33 PM,4
7:11:44 PM,2
11:49:24 AM,1
1:51:43 PM,1
9:47:00 PM,3
2:30:20 PM,3
6:09:43 PM,1
8:00:35 PM,2
8:48:08 PM,1
12:46:10 PM,1
11:46:28 AM,2
8:08:43 PM,2
11:57:27 AM,1
7:20:31 PM,2
2:11:08 PM,1
5:41:55 PM,3
12:03:57 PM,3
1:47:01 PM,3
8:46:56 PM,4
6:25:21 PM,2
1:41:05 PM,1
6:23:25 PM,4
1:05:46 PM,1
6:08:43 PM,2
12:54:05 PM,4
10:23:19 PM,2
9:13:23 PM,1
4:54:26 PM,2
2:19:17 PM,1
12:51:24 PM,1
8:09:11 PM,2
6:34:53 PM,4
2:24:05 PM,1
3:18:18 PM,2
1:59:04 PM,11
6:21:36 PM,2
2:40:02 PM,2
5:29:19 PM,2
6:33:05 PM,4
11:40:46 AM,2
3:22:04 PM,4
3:12:46 PM,4
6:38:54 PM,1
5:25:13 PM,4
1:09:50 PM,5
8:10:19 PM,1
7:52:29 PM,1
12:46:50 PM,3
2:34:24 PM,4
4:47:29 PM,3
7:40:10 PM,2
4:07:33 PM,4
11:32:32 AM,1
1:35:58 PM,7
7:30:40 PM,2
4:18:04 PM,2
12:05:21 PM,4
8:46:12 PM,1
9:32:21 PM,1
8:40:47 PM,2
2:55:06 PM,1
6:02:51 PM,1
1:06:29 PM,1
7:27:08 PM,3
2:01:18 PM,2
11:53:29 AM,1
5:10:46 PM,3
7:54:40 PM,2
5:26:04 PM,4
8:04:09 PM,4
3:57:13 PM,1
7:31:49 PM,2
2:05:09 PM,1
1:13:09 PM,4
9:35:26 PM,1
7:27:09 PM,2
8:53:44 PM,4
10:43:32 PM,1
1:00:19 PM,8
4:57:37 PM,1
11:36:25 AM,1
8:21:19 PM,1
2:38:41 PM,1
7:56:01 PM,4
1:58:53 PM,2
7:19:20 PM,4
7:01:32 PM,2
11:44:49 AM,1
10:01:04 PM,2
11:38:35 AM,2
8:48:10 PM,3
9:59:50 PM,1
6:43:18 PM,4
5:41:51 PM,1
9:39:53 PM,1
12:02:32 PM,1
5:52:09 PM,6
2:14:25 PM,4
2:39:27 PM,1
1:35:44 PM,4
12:16:45 PM,1
1:09:10 PM,1
8:14:45 PM,1
8:15:09 PM,4
7:49:39 PM,2
10:19:13 PM,2
10:27:29 PM,1
4:26:10 PM,3
8:51:10 PM,1
12:45:53 PM,1
6:07:59 PM,1
7:05:35 PM,4
6:32:32 PM,3
1:46:44 PM,2
6:44:17 PM,5
4:46:03 PM,2
6:35:51 PM,1
2:27:16 PM,1
6:21:06 PM,1
3:24:37 PM,4
3:25:30 PM,3
6:13:49 PM,1
7:07:50 PM,2
8:25:37 PM,1
5:16:34 PM,1
10:41:23 PM,1
8:01:57 PM,3
9:02:43 PM,4
12:33:23 PM,2
2:58:30 PM,1
5:26:32 PM,3
2:48:27 PM,2
2:51:41 PM,1
6:02:54 PM,6
7:42:20 PM,2
2:12:58 PM,4
12:12:00 PM,1
5:17:58 PM,2
6:17:01 PM,1
1:42:50 PM,3
1:35:05 PM,2
8:11:26 PM,3
11:31:11 AM,1
1:46:46 PM,2
1:07:02 PM,2
7:53:16 PM,2
3:48:01 PM,2
8:45:34 PM,4
1:52:15 PM,1
11:32:56 AM,1
6:12:55 PM,1
4:10:38 PM,2
11:40:50 AM,1
6:46:28 PM,4
5:32:54 PM,3
8:31:02 PM,4
4:22:18 PM,1
9:17:08 PM,3
6:06:14 PM,3
6:38:17 PM,4
9:57:02 PM,1
12:26:08 PM,4
4:27:31 PM,2
8:27:12 PM,1
2:07:32 PM,1
1:20:46 PM,4
5:17:07 PM,5
1:15:55 PM,1
10:22:46 PM,2
12:23:23 PM,2
5:54:22 PM,3
3:07:39 PM,1
5:31:33 PM,3
4:33:11 PM,1
3:20:14 PM,4
12:05:20 PM,1
12:49:45 PM,3
5:19:11 PM,3
4:50:50 PM,3
3:42:01 PM,3
2:39:14 PM,2
6:44:54 PM,4
4:28:24 PM,1
4:33:13 PM,2
3:45:01 PM,1
4:17:59 PM,4
7:15:48 PM,1
11:38:51 AM,2
4:58:51 PM,1
5:24:39 PM,2
9:06:16 PM,2
12:37:10 PM,3
12:58:36 PM,6
3:49:31 PM,1
12:02:21 PM,2
12:52:42 PM,2
1:23:39 PM,2
7:36:45 PM,4
3:19:35 PM,1
11:47:04 AM,10
1:24:12 PM,4
1:16:50 PM,1
2:29:45 PM,1
9:34:31 PM,2
12:27:44 PM,1
7:18:35 PM,4
1:42:58 PM,2
4:07:27 PM,2
6:25:25 PM,3
7:18:49 PM,1
12:19:37 PM,4
6:17:42 PM,1
7:21:58 PM,3
4:57:30 PM,1
7:15:17 PM,5
4:36:53 PM,3
6:32:23 PM,3
1:46:49 PM,4
5:34:26 PM,1
11:34:50 AM,2
6:01:43 PM,3
6:47:08 PM,3
3:14:39 PM,4
5:57:51 PM,1
12:24:18 PM,3
11:31:04 AM,8
8:03:54 PM,3
9:35:22 PM,1
1:04:55 PM,2
6:29:47 PM,4
6:50:25 PM,2
8:26:45 PM,2
10:52:56 PM,2
4:18:59 PM,4
5:23:39 PM,1
12:08:30 PM,4
5:17:02 PM,2
7:41:52 PM,3
6:24:14 PM,2
7:31:17 PM,1
6:45:56 PM,1
9:31:03 PM,3
8:00:05 PM,2
9:48:32 PM,1
6:17:46 PM,4
3:33:33 PM,1
2:00:40 PM,1
7:11:58 PM,2
4:04:07 PM,1
5:01:46 PM,2
7:29:14 PM,2
8:03:38 PM,2
7:56:35 PM,4
12:30:47 PM,3
6:30:46 PM,1
12:47:54 PM,1
6:43:22 PM,1
9:08:01 PM,2
5:39:24 PM,2
4:21:20 PM,1
12:18:31 PM,10
12:19:38 PM,1
1:42:01 PM,1
6:28:12 PM,4
2:39:33 PM,1
1:01:39 PM,3
5:46:31 PM,2
6:14:53 PM,2
8:06:11 PM,4
12:42:49 PM,1
7:57:23 PM,2
5:54:51 PM,1
1:27:18 PM,12
7:40:28 PM,1
3:22:08 PM,3
8:49:00 PM,3
5:29:49 PM,1
5:11:05 PM,2
12:13:16 PM,1
4:32:58 PM,4
2:18:34 PM,1
3:48:11 PM,1
4:58:45 PM,3
5:52:55 PM,1
7:30:46 PM,3
5:17:38 PM,1
6:50:21 PM,3
9:05:06 PM,3
4:38:00 PM,1
5:13:25 PM,1
2:07:34 PM,4
7:32:54 PM,1
7:44:58 PM,4
6:04:36 PM,3
4:00:48 PM,2
6:43:05 PM,3
2:18:48 PM,3
12:33:49 PM,2
12:29:52 PM,9
3:56:08 PM,2
2:00:48 PM,3
4:24:30 PM,2
4:00:10 PM,1
8:50:16 PM,2
12:50:30 PM,5
5:54:25 PM,3
7:35:25 PM,2
9:37:51 PM,1
11:39:14 AM,3
8:07:05 PM,1
10:13:50 PM,3
4:19:34 PM,1
10:22:21 PM,1
12:13:18 PM,2
1:24:10 PM,3
1:11:50 PM,1
9:03:49 PM,3
1:26:19 PM,2
3:46:23 PM,2
1:21:18 PM,5
6:20:51 PM,4
3:40:29 PM,2
11:56:23 AM,2
1:22:58 PM,1
4:12:46 PM,3
9:15:27 PM,4
12:45:14 PM,4
7:26:24 PM,4
8:15:51 PM,6
1:34:48 PM,1
4:20:32 PM,1
12:44:23 PM,1
3:58:05 PM,1
7:00:30 PM,2
4:49:15 PM,1
7:47:50 PM,1
2:48:05 PM,2
1:01:28 PM,4
1:23:49 PM,2
9:24:01 PM,4
9:02:16 PM,1
5:42:59 PM,1
5:30:38 PM,4
8:22:59 PM,4
4:57:07 PM,2
2:15:58 PM,1
5:08:31 PM,2
2:36:33 PM,2
9:22:44 PM,2
7:30:17 PM,1
12:57:28 PM,1
2:02:04 PM,1
3:01:14 PM,3
12:56:27 PM,5
9:56:42 PM,1
5:11:37 PM,4
3:01:08 PM,2
12:20:06 PM,2
11:05:24 PM,3
1:40:06 PM,1
7:56:16 PM,4
11:44:17 AM,1
6:42:52 PM,3
2:34:28 PM,1
8:47:01 PM,1
5:17:44 PM,3
3:42:19 PM,2
1:27:11 PM,14
12:33:22 PM,2
11:31:16 AM,5
3:16:54 PM,2
2:33:38 PM,3
2:24:36 PM,1
5:21:03 PM,2
11:49:01 AM,16
4:14:14 PM,4
4:11:48 PM,1
5:37:46 PM,4
7:37:08 PM,1
11:39:41 AM,1
12:03:36 PM,2
7:19:17 PM,3
12:57:29 PM,2
2:25:47 PM,1
1:57:51 PM,2
10:59:18 PM,2
9:58:18 PM,2
12:27:06 PM,1
6:26:11 PM,2
7:52:54 PM,1
9:06:17 PM,1
9:02:20 PM,1
4:38:35 PM,1
5:26:43 PM,3
1:59:09 PM,2
7:26:59 PM,2
4:43:46 PM,3
5:02:27 PM,2
6:50:10 PM,2
12:58:01 PM,3
12:21:09 PM,1
6:15:22 PM,1
1:59:21 PM,10
7:46:06 PM,3
5:33:29 PM,2
9:14:52 PM,2
1:03:37 PM,3
4:32:10 PM,3
4:32:16 PM,1
12:38:54 PM,1
11:34:54 AM,1
8:07:52 PM,3
6:59:49 PM,2
5:27:49 PM,2
2:12:24 PM,1
11:55:19 AM,2
5:23:10 PM,2
4:18:18 PM,1
4:32:36 PM,4
11:37:03 AM,1
4:18:37 PM,5
7:10:26 PM,1
5:35:48 PM,2
3:05:16 PM,3
12:34:12 PM,1
6:48:06 PM,4
8:42:43 PM,2
8:23:49 PM,1
12:54:25 PM,1
1:31:20 PM,1
9:22:02 PM,4
6:25:22 PM,3
5:46:49 PM,1
1:55:19 PM,1
12:58:26 PM,1
12:04:29 PM,3
11:40:42 AM,3
10:28:11 PM,3
6:05:54 PM,1
4:50:56 PM,3
12:35:38 PM,2
12:43:59 PM,1
11:38:40 AM,1
11:15:57 AM,3
11:25:25 AM,5
7:48:51 PM,4
12:50:14 PM,1
1:00:41 PM,4
4:04:02 PM,3
9:16:09 PM,1
12:46:15 PM,1
1:22:38 PM,1
1:37:52 PM,1
4:09:58 PM,6
3:06:30 PM,2
5:13:18 PM,3
3:39:32 PM,4
1:09:20 PM,14
12:56:01 PM,3
1:40:46 PM,2
7:18:08 PM,4
8:33:57 PM,3
6:42:08 PM,4
11:36:34 AM,2
2:13:32 PM,1
2:25:35 PM,1
5:32:30 PM,2
11:24:45 AM,1
2:49:29 PM,2
10:09:09 PM,2
7:20:14 PM,2
5:51:44 PM,1
8:55:07 PM,4
10:09:27 PM,2
5:43:28 PM,1
5:55:07 PM,4
3:44:31 PM,1
3:00:06 PM,1
5:53:56 PM,2
9:52:13 PM,2
12:56:40 PM,4
6:46:52 PM,4
7:26:19 PM,4
9:48:33 PM,1
1:41:29 PM,1
5:04:25 PM,2
6:37:23 PM,2
3:40:10 PM,1
10:12:04 PM,1
6:46:46 PM,3
3:29:36 PM,3
6:54:55 PM,3
4:58:38 PM,1
6:46:02 PM,1
10:18:35 PM,2
8:12:27 PM,1
9:11:31 PM,4
8:31:01 PM,2
8:38:52 PM,2
8:06:40 PM,4
11:36:27 AM,1
1:22:08 PM,4
8:12:43 PM,2
1:20:12 PM,2
12:44:49 PM,1
2:29:59 PM,1
7:53:48 PM,2
1:21:51 PM,3
2:40:47 PM,2
5:51:57 PM,2
1:39:16 PM,4
6:13:22 PM,6
6:45:40 PM,2
3:36:37 PM,1
2:44:54 PM,1
8:43:11 PM,1
12:04:16 PM,1
2:43:16 PM,4
9:28:07 PM,2
4:51:05 PM,3
8:26:18 PM,2
12:23:18 PM,4
5:31:54 PM,4
11:38:17 AM,1
5:55:40 PM,2
10:06:21 PM,4
1:36:20 PM,1
5:08:35 PM,3
6:39:15 PM,1
8:55:17 PM,3
12:59:45 PM,2
4:06:36 PM,1
12:21:30 PM,1
6:12:01 PM,3
6:53:13 PM,4
11:17:12 AM,3
3:43:15 PM,4
7:46:17 PM,2
5:49:37 PM,3
12:22:30 PM,9
7:02:49 PM,1
5:38:32 PM,3
5:31:14 PM,1
4:19:32 PM,3
10:21:24 PM,1
5:23:32 PM,1
6:03:09 PM,2
9:49:12 PM,1
5:55:21 PM,3
6:39:21 PM,2
3:00:56 PM,3
1:37:53 PM,1
4:32:35 PM,2
6:14:21 PM,4
1:10:57 PM,6
11:44:02 AM,1
2:54:26 PM,2
9:02:30 PM,2
10:05:00 PM,2
2:40:28 PM,2
11:51:45 AM,3
2:34:05 PM,1
7:06:14 PM,2
4:45:04 PM,2
5:46:02 PM,3
3:32:57 PM,1
1:01:49 PM,8
1:47:00 PM,3
2:12:59 PM,2
5:19:00 PM,3
6:39:01 PM,4
5:06:58 PM,3
1:25:29 PM,1
1:23:35 PM,1
12:29:28 PM,12
12:39:50 PM,9
4:43:37 PM,2
1:12:12 PM,3
5:21:49 PM,2
12:29:51 PM,13
4:19:19 PM,1
6:59:54 PM,2
2:14:54 PM,3
1:34:33 PM,1
11:47:40 AM,1
6:46:11 PM,1
12:24:57 PM,3
8:09:44 PM,3
12:54:36 PM,2
12:17:18 PM,1
7:55:28 PM,4
8:41:21 PM,1
9:14:34 PM,4
5:48:37 PM,2
5:57:03 PM,3
8:57:08 PM,3
2:36:45 PM,1
4:47:41 PM,2
7:01:03 PM,1
11:44:46 AM,1
1:05:31 PM,1
12:29:11 PM,3
6:24:40 PM,1
7:58:15 PM,4
7:21:00 PM,1
7:32:50 PM,2
6:19:33 PM,1
6:28:56 PM,1
7:04:46 PM,1
12:49:13 PM,2
6:17:35 PM,1
6:27:27 PM,3
5:27:13 PM,1
10:57:58 PM,1
7:14:07 PM,3
12:48:17 PM,1
6:36:42 PM,2
1:07:43 PM,4
12:02:01 PM,1
1:41:15 PM,1
3:53:18 PM,4
1:10:54 PM,1
6:30:12 PM,1
4:47:48 PM,2
3:08:46 PM,1
11:36:00 AM,2
9:17:32 PM,3
8:05:27 PM,2
6:14:34 PM,3
11:16:08 AM,1
8:50:02 PM,3
12:48:04 PM,1
6:46:12 PM,4
8:41:38 PM,4
2:59:53 PM,1
7:26:34 PM,2
3:49:25 PM,1
5:24:43 PM,3
2:39:01 PM,1
11:55:07 AM,2
4:28:50 PM,1
2:47:48 PM,2
10:18:08 PM,1
3:18:42 PM,2
12:26:22 PM,1
5:18:34 PM,3
7:00:53 PM,1
2:41:44 PM,13
7:36:47 PM,2
4:58:46 PM,2
9:35:15 PM,1
12:48:46 PM,7
12:50:37 PM,1
3:31:00 PM,3
9:09:08 PM,4
1:56:25 PM,1
4:52:12 PM,2
6:10:06 PM,1
10:44:10 PM,2
9:05:29 PM,2
8:11:10 PM,2
9:01:18 PM,2
4:10:04 PM,4
2:36:32 PM,3
6:51:55 PM,3
8:25:21 PM,2
7:28:59 PM,2
1:04:25 PM,6
8:49:40 PM,1
1:06:30 PM,1
2:14:57 PM,4
3:53:54 PM,2
3:38:04 PM,1
8:29:18 PM,4
12:02:45 PM,1
3:41:25 PM,2
8:55:47 PM,3
10:22:13 PM,3
3:03:12 PM,2
5:06:05 PM,1
5:54:33 PM,5
3:20:03 PM,1
8:13:51 PM,1
2:59:38 PM,2
6:02:30 PM,1
10:15:43 PM,2
1:13:28 PM,3
11:49:00 AM,2
5:36:17 PM,2
3:38:37 PM,1
9:50:56 PM,1
5:22:50 PM,4
9:26:35 PM,2
5:48:17 PM,4
12:37:36 PM,4
7:50:49 PM,1
12:57:22 PM,1
4:50:49 PM,3
11:49:50 AM,2
12:13:07 PM,1
2:12:22 PM,1
5:24:09 PM,2
5:38:53 PM,1
10:13:59 PM,7
1:56:05 PM,2
12:18:53 PM,1
5:06:36 PM,3
12:21:21 PM,1
6:15:57 PM,4
11:47:03 AM,1
5:31:43 PM,2
3:28:55 PM,3
8:25:39 PM,5
9:02:35 PM,4
5:30:42 PM,2
7:03:42 PM,2
2:08:19 PM,4
6:15:41 PM,2
9:30:14 PM,3
12:33:30 PM,1
11:31:57 AM,1
12:11:56 PM,1
8:55:27 PM,1
12:55:41 PM,2
10:29:59 PM,4
4:30:00 PM,4
6:09:22 PM,4
9:00:40 PM,1
1:23:02 PM,1
2:21:48 PM,2
8:09:16 PM,3
8:29:51 PM,2
12:56:55 PM,1
12:12:17 PM,1
3:39:02 PM,4
7:36:58 PM,2
5:26:20 PM,2
1:13:35 PM,1
8:47:41 PM,2
12:03:46 PM,1
6:40:57 PM,1
4:28:54 PM,1
7:48:11 PM,3
5:37:29 PM,2
9:49:00 PM,4
4:29:50 PM,2
2:31:13 PM,5
4:57:15 PM,3
10:06:08 PM,1
1:03:21 PM,1
6:10:40 PM,2
12:55:29 PM,2
10:10:01 PM,2
1:06:51 PM,3
8:11:18 PM,1
1:08:24 PM,1
12:45:27 PM,3
5:27:46 PM,2
10:12:20 PM,3
7:25:20 PM,4
12:41:42 PM,1
1:59:44 PM,1
4:36:01 PM,1
1:39:24 PM,4
12:29:54 PM,3
12:53:38 PM,11
8:22:24 PM,2
7:35:48 PM,1
11:40:00 AM,1
1:36:37 PM,1
12:38:04 PM,1
4:16:50 PM,2
12:36:09 PM,1
6:03:19 PM,1
8:15:58 PM,4
6:20:14 PM,3
3:33:18 PM,3
7:10:36 PM,4
8:10:44 PM,1
6:34:25 PM,1
6:23:55 PM,2
1:56:46 PM,1
8:21:28 PM,2
8:46:44 PM,2
12:00:54 PM,4
5:04:22 PM,1
5:50:34 PM,1
5:30:14 PM,2
7:41:47 PM,1
1:36:52 PM,13
1:14:40 PM,1
1:58:00 PM,2
12:27:40 PM,1
8:38:13 PM,1
4:22:32 PM,2
8:41:00 PM,4
11:15:43 AM,1
1:11:53 PM,1
6:19:41 PM,2
5:08:05 PM,2
5:44:49 PM,2
6:07:56 PM,3
9:03:16 PM,3
2:41:19 PM,4
1:02:39 PM,3
8:33:22 PM,3
11:57:15 AM,1
12:09:12 PM,4
9:26:57 PM,2
11:58:56 AM,1
4:54:54 PM,3
5:31:24 PM,1
6:04:18 PM,3
6:07:46 PM,2
5:51:34 PM,3
6:34:27 PM,1
12:16:47 PM,1
7:25:16 PM,4
2:27:30 PM,4
8:40:44 PM,2
9:12:37 PM,1
9:00:41 PM,1
7:36:22 PM,4
7:44:56 PM,4
8:13:00 PM,2
2:21:02 PM,5
4:05:53 PM,1
7:15:50 PM,4
1:42:31 PM,1
9:59:07 PM,1
2:28:55 PM,1
7:09:56 PM,4
12:22:43 PM,1
4:34:02 PM,2
12:36:18 PM,1
7:46:03 PM,2
5:02:19 PM,1
5:20:36 PM,2
11:53:09 AM,1
8:34:13 PM,3
3:37:15 PM,1
8:13:50 PM,1
7:10:56 PM,1
5:22:40 PM,4
7:02:27 PM,6
7:19:58 PM,4
1:33:24 PM,2
12:43:36 PM,1
12:44:38 PM,10
11:49:42 AM,2
7:01:15 PM,1
5:31:35 PM,1
5:49:55 PM,4
2:50:55 PM,1
9:22:31 PM,1
4:01:31 PM,2
9:13:36 PM,4
9:19:27 PM,3
4:55:17 PM,2
5:50:49 PM,3
3:43:31 PM,2
5:27:27 PM,4
4:56:16 PM,3
6:19:16 PM,4
10:28:40 PM,1
4:52:55 PM,1
7:21:56 PM,1
9:13:53 PM,1
6:12:16 PM,2
8:39:16 PM,3
12:12:15 PM,1
1:53:48 PM,1
5:58:38 PM,7
9:15:20 PM,1
9:21:21 PM,2
3:23:21 PM,4
2:03:20 PM,1
2:14:17 PM,1
7:00:56 PM,5
4:43:55 PM,3
11:48:07 AM,8
5:22:02 PM,2
7:04:08 PM,2
9:03:23 PM,2
3:17:34 PM,1
6:22:10 PM,1
1:55:24 PM,4
6:15:34 PM,1
9:02:45 PM,2
1:56:18 PM,4
6:09:37 PM,2
3:10:04 PM,2
1:07:22 PM,1
12:08:34 PM,4
5:18:44 PM,2
11:26:40 AM,1
10:15:37 PM,3
1:00:56 PM,1
3:39:45 PM,3
6:38:01 PM,6
9:33:10 PM,4
1:43:07 PM,2
6:49:23 PM,1
6:53:52 PM,7
8:12:49 PM,2
12:54:35 PM,6
8:20:42 PM,2
8:41:46 PM,1
7:23:54 PM,5
11:53:20 AM,1
12:42:27 PM,1
8:45:14 PM,4
10:02:38 PM,1
1:54:31 PM,1
7:53:49 PM,2
1:26:39 PM,3
1:40:52 PM,2
8:46:55 PM,2
7:25:04 PM,2
4:08:09 PM,4
12:01:41 PM,1
1:32:38 PM,3
10:20:00 PM,3
12:40:47 PM,4
1:58:24 PM,1
2:40:49 PM,1
6:33:39 PM,1
7:02:18 PM,1
6:40:11 PM,2
2:14:02 PM,1
7:27:18 PM,1
4:14:56 PM,1
12:20:22 PM,9
1:08:44 PM,7
8:44:41 PM,2
1:01:27 PM,1
7:49:28 PM,2
5:26:55 PM,2
4:35:45 PM,4
1:27:41 PM,1
4:11:01 PM,2
9:26:37 PM,2
12:22:04 PM,2
7:54:24 PM,3
11:58:57 AM,1
12:06:02 PM,1
9:56:20 PM,1
4:53:26 PM,1
5:43:46 PM,1
3:47:43 PM,2
1:02:47 PM,1
12:40:30 PM,4
7:21:04 PM,2
12:17:40 PM,1
12:43:09 PM,1
8:51:59 PM,2
11:54:13 AM,1
1:02:07 PM,1
12:29:42 PM,1
2:26:49 PM,4
6:34:07 PM,3
11:43:09 AM,3
1:59:40 PM,3
10:40:27 PM,2
3:07:45 PM,2
6:16:10 PM,2
11:47:34 AM,4
2:39:18 PM,4
4:47:39 PM,2
8:49:53 PM,1
3:56:48 PM,1
12:50:46 PM,1
2:03:10 PM,3
3:42:30 PM,4
7:39:31 PM,3
5:50:15 PM,1
12:20:59 PM,13
8:10:24 PM,3
3:43:01 PM,2
9:36:58 PM,2
1:46:36 PM,1
5:46:53 PM,2
7:43:23 PM,2
6:58:20 PM,3
1:39:08 PM,2
12:25:02 PM,1
5:05:16 PM,1
9:05:07 PM,4
5:48:08 PM,2
7:53:46 PM,3
3:57:57 PM,1
12:16:21 PM,3
2:21:14 PM,2
1:10:46 PM,1
3:47:40 PM,2
12:50:05 PM,4
3:34:25 PM,1
8:23:00 PM,1
11:24:09 AM,5
10:12:13 PM,1
2:35:03 PM,2
7:59:17 PM,4
1:26:25 PM,1
1:14:10 PM,1
6:45:58 PM,2
5:49:25 PM,4
9:22:35 PM,3
11:26:25 AM,1
5:49:56 PM,1
3:54:49 PM,1
1:09:03 PM,3
2:04:59 PM,2
5:45:11 PM,3
8:10:12 PM,3
6:23:38 PM,4
2:32:42 PM,1
1:50:27 PM,1
5:37:13 PM,1
4:58:43 PM,1
7:44:15 PM,3
12:11:42 PM,1
2:34:44 PM,2
9:44:36 PM,4
3:36:12 PM,2
12:33:50 PM,10
11:54:22 AM,1
12:24:06 PM,3
4:59:29 PM,3
2:53:31 PM,4
3:41:07 PM,4
10:05:27 PM,3
12:09:41 PM,1
7:05:49 PM,4
3:58:21 PM,1
6:27:59 PM,3
8:15:55 PM,2
5:25:31 PM,2
8:30:29 PM,2
5:08:48 PM,4
4:33:48 PM,1
5:44:39 PM,6
6:27:28 PM,2
7:33:33 PM,1
8:53:41 PM,1
4:38:28 PM,4
12:58:30 PM,2
3:08:57 PM,1
4:01:52 PM,2
2:17:39 PM,1
5:47:51 PM,2
12:30:48 PM,1
6:07:53 PM,2
3:46:13 PM,4
5:55:50 PM,2
11:54:44 AM,2
4:43:16 PM,1
5:36:11 PM,2
5:35:34 PM,1
4:24:11 PM,3
3:39:19 PM,3
6:53:40 PM,1
8:06:50 PM,2
10:08:42 PM,1
1:33:30 PM,1
7:16:21 PM,4
10:39:18 PM,2
3:55:20 PM,1
12:47:48 PM,3
6:55:22 PM,2
12:53:27 PM,1
9:47:48 PM,4
10:24:05 PM,4
9:51:31 PM,3
6:20:58 PM,2
6:50:43 PM,2
6:35:22 PM,1
1:10:36 PM,1
5:31:29 PM,1
11:38:50 AM,2
6:06:22 PM,5
5:57:31 PM,2
8:41:12 PM,1
9:21:37 PM,1
2:41:21 PM,1
8:47:46 PM,1
8:40:24 PM,2
4:29:02 PM,2
4:38:05 PM,6
6:30:51 PM,1
11:40:23 AM,1
7:55:20 PM,4
3:17:26 PM,3
1:40:31 PM,1
8:14:23 PM,5
2:38:14 PM,4
1:39:33 PM,2
6:57:56 PM,1
3:23:36 PM,2
3:15:16 PM,1
4:09:42 PM,3
3:05:28 PM,1
1:41:34 PM,2
5:33:09 PM,1
2:06:37 PM,2
12:10:43 PM,3
2:45:20 PM,4
6:13:03 PM,1
5:13:54 PM,1
4:06:48 PM,3
12:42:51 PM,3
6:25:34 PM,1
9:58:12 PM,1
6:43:40 PM,1
2:17:09 PM,2
4:54:09 PM,2
12:06:27 PM,2
5:58:09 PM,2
6:31:04 PM,2
1:23:47 PM,2
4:14:59 PM,4
6:48:46 PM,1
1:05:11 PM,1
3:53:38 PM,2
2:32:57 PM,2
4:03:52 PM,2
12:40:25 PM,6
7:33:21 PM,1
2:00:19 PM,12
6:54:29 PM,3
12:32:03 PM,5
4:01:28 PM,2
1:37:06 PM,1
7:15:15 PM,4
7:58:48 PM,4
5:46:16 PM,4
4:17:25 PM,1
5:19:08 PM,1
8:28:16 PM,2
6:07:47 PM,1
1:42:47 PM,1
11:16:43 AM,2
8:59:29 PM,1
7:50:54 PM,1
4:39:18 PM,2
3:41:58 PM,1
10:36:28 PM,4
8:33:37 PM,3
11:57:08 AM,1
1:12:42 PM,4
12:40:50 PM,3
6:58:08 PM,2
12:45:23 PM,1
6:19:17 PM,1
6:08:58 PM,3
7:09:27 PM,2
12:51:21 PM,1
12:30:08 PM,1
11:50:19 AM,1
3:02:47 PM,1
12:40:14 PM,6
1:08:31 PM,3
5:07:23 PM,1
2:24:47 PM,2
7:06:34 PM,2
5:05:33 PM,3
6:27:42 PM,4
9:20:18 PM,1
8:45:11 PM,3
3:45:44 PM,1
7:56:41 PM,2
6:06:26 PM,5
4:07:22 PM,2
12:20:45 PM,4
3:00:15 PM,3
11:40:43 AM,3
3:58:47 PM,3
1:11:19 PM,1
5:02:18 PM,1
4:37:19 PM,1
1:01:51 PM,1
3:41:03 PM,2
5:12:49 PM,1
1:03:46 PM,1
5:00:06 PM,3
6:18:59 PM,2
8:18:21 PM,3
1:37:16 PM,1
1:56:44 PM,1
4:30:47 PM,4
8:37:52 PM,1
1:58:48 PM,1
12:53:56 PM,1
3:08:24 PM,3
11:42:06 AM,1
9:10:16 PM,1
12:14:15 PM,1
7:27:22 PM,3
9:23:01 PM,2
1:25:55 PM,1
4:19:56 PM,2
8:26:02 PM,1
3:52:26 PM,2
6:48:26 PM,2
1:22:11 PM,2
5:09:34 PM,4
8:02:53 PM,1
1:53:02 PM,1
4:55:06 PM,2
6:45:32 PM,2
8:30:07 PM,2
5:20:17 PM,2
9:58:19 PM,1
2:03:08 PM,2
5:29:24 PM,3
3:23:37 PM,2
12:21:19 PM,1
6:44:57 PM,5
12:51:19 PM,3
11:39:03 AM,2
8:05:41 PM,1
12:12:25 PM,1
6:43:02 PM,3
1:33:16 PM,6
5:22:31 PM,2
11:15:19 AM,4
1:44:29 PM,1
2:19:12 PM,1
10:17:15 PM,1
6:45:59 PM,1
12:44:29 PM,1
1:28:39 PM,2
1:25:22 PM,3
4:50:12 PM,2
11:31:39 AM,3
5:52:20 PM,2
12:33:13 PM,1
9:58:06 PM,1
3:59:22 PM,2
8:55:29 PM,3
10:19:03 PM,2
5:42:25 PM,3
10:13:28 PM,2
12:06:15 PM,3
3:25:17 PM,2
5:04:54 PM,1
1:45:42 PM,1
9:04:42 PM,1
11:45:09 AM,2
7:13:49 PM,1
3:02:30 PM,3
5:56:55 PM,5
2:15:23 PM,1
11:57:44 AM,2
6:44:25 PM,2
8:13:37 PM,1
8:27:43 PM,2
11:41:53 AM,2
7:24:05 PM,1
4:00:44 PM,3
8:42:12 PM,2
1:28:26 PM,1
1:16:01 PM,3
5:21:31 PM,1
11:30:48 AM,4
5:36:23 PM,1
1:16:35 PM,1
5:27:56 PM,3
7:33:05 PM,5
2:15:37 PM,6
9:12:27 PM,2
1:05:50 PM,4
1:49:25 PM,2
12:20:11 PM,2
4:48:09 PM,1
7:23:49 PM,2
4:02:17 PM,3
9:48:24 PM,1
7:25:46 PM,4
9:33:46 PM,3
5:27:14 PM,3
12:20:32 PM,2
3:33:26 PM,1
6:40:58 PM,2
7:39:15 PM,5
6:27:05 PM,4
1:41:31 PM,3
8:51:32 PM,3
9:06:40 PM,1
7:02:39 PM,2
4:56:09 PM,2
3:17:02 PM,9
6:07:31 PM,1
12:13:58 PM,1
12:15:03 PM,4
1:19:43 PM,3
6:33:59 PM,2
3:21:45 PM,1
1:24:15 PM,1
1:58:36 PM,1
6:19:39 PM,2
9:28:09 PM,4
12:39:17 PM,1
6:37:57 PM,1
4:15:33 PM,4
5:09:52 PM,1
6:17:36 PM,1
2:50:38 PM,3
10:05:04 PM,4
1:58:56 PM,2
2:38:31 PM,2
3:28:12 PM,2
6:02:28 PM,1
6:44:04 PM,2
8:08:54 PM,3
4:56:19 PM,2
8:43:56 PM,2
1:19:59 PM,3
8:09:17 PM,4
2:20:32 PM,1
8:15:01 PM,4
1:02:43 PM,1
4:25:27 PM,3
4:09:26 PM,3
5:34:55 PM,4
1:09:33 PM,2
1:45:13 PM,7
2:23:53 PM,2
8:01:36 PM,2
1:09:27 PM,1
5:50:14 PM,1
6:10:30 PM,2
5:39:17 PM,3
5:15:20 PM,2
12:11:58 PM,5
2:16:36 PM,1
10:32:32 PM,3
5:29:14 PM,1
1:37:51 PM,2
5:16:26 PM,1
6:42:02 PM,3
3:47:42 PM,4
7:02:50 PM,1
6:57:10 PM,2
9:23:08 PM,4
1:46:26 PM,1
8:56:14 PM,1
8:12:30 PM,2
5:58:47 PM,2
12:26:20 PM,1
5:57:09 PM,2
7:43:11 PM,2
12:08:55 PM,7
2:58:08 PM,1
10:17:47 PM,2
4:59:08 PM,4
2:22:10 PM,3
4:56:05 PM,4
8:40:55 PM,6
2:43:49 PM,1
10:46:02 PM,4
11:56:54 AM,1
8:04:38 PM,2
3:32:15 PM,1
1:38:52 PM,1
4:01:00 PM,2
11:52:36 AM,4
11:53:06 AM,1
11:37:55 AM,1
12:22:09 PM,3
5:34:44 PM,2
3:35:46 PM,1
12:40:05 PM,1
7:46:18 PM,2
3:28:25 PM,2
7:42:51 PM,1
7:43:40 PM,5
2:00:13 PM,1
5:42:49 PM,1
4:38:16 PM,1
9:16:34 PM,2
12:52:55 PM,3
2:38:28 PM,3
2:37:47 PM,5
1:37:25 PM,3
8:18:10 PM,2
2:00:42 PM,5
12:29:25 PM,1
5:25:14 PM,3
3:59:29 PM,2
2:46:33 PM,1
12:26:04 PM,11
7:05:06 PM,4
7:56:47 PM,1
7:04:51 PM,2
6:58:05 PM,2
11:57:40 AM,5
6:26:51 PM,1
2:12:21 PM,1
5:15:04 PM,1
12:02:09 PM,1
12:11:46 PM,1
8:35:34 PM,3
2:22:14 PM,1
6:16:44 PM,4
11:50:45 AM,7
4:06:00 PM,2
2:47:46 PM,1
4:51:01 PM,2
8:59:08 PM,1
6:42:49 PM,2
6:06:54 PM,3
6:53:44 PM,3
9:34:53 PM,1
11:17:06 AM,1
1:13:51 PM,4
12:58:45 PM,1
9:06:54 PM,1
2:01:23 PM,1
1:03:40 PM,1
6:55:05 PM,3
4:10:10 PM,1
7:55:56 PM,1
12:55:55 PM,5
2:23:37 PM,3
4:52:59 PM,4
4:24:16 PM,1
2:24:18 PM,4
7:27:24 PM,2
1:04:56 PM,6
5:52:42 PM,3
7:36:16 PM,3
1:05:13 PM,4
2:48:37 PM,1
1:06:04 PM,1
11:33:33 AM,1
3:24:38 PM,1
4:40:57 PM,1
9:49:27 PM,3
7:50:13 PM,2
5:16:16 PM,1
8:41:36 PM,1
4:23:52 PM,4
6:50:04 PM,1
6:39:26 PM,3
1:32:59 PM,4
9:53:24 PM,2
2:57:58 PM,2
12:05:44 PM,2
6:48:17 PM,1
2:52:08 PM,2
5:17:57 PM,1
12:15:47 PM,1
2:44:43 PM,1
2:48:02 PM,1
1:50:34 PM,1
6:27:58 PM,3
4:14:28 PM,2
4:30:20 PM,2
2:48:56 PM,2
2:19:28 PM,2
5:49:51 PM,2
7:07:53 PM,3
9:51:59 PM,1
1:58:44 PM,15
3:26:05 PM,4
5:36:38 PM,2
12:40:31 PM,2
9:45:43 PM,1
12:44:52 PM,1
6:05:09 PM,3
3:05:02 PM,4
5:48:45 PM,2
6:59:47 PM,2
4:12:59 PM,1
6:11:37 PM,1
7:41:26 PM,1
12:53:35 PM,1
8:09:22 PM,1
1:24:33 PM,1
4:51:47 PM,2
7:41:16 PM,2
10:05:32 PM,2
2:14:11 PM,2
7:00:07 PM,1
4:48:30 PM,2
12:45:45 PM,2
8:04:20 PM,1
5:53:59 PM,4
8:12:06 PM,3
6:32:16 PM,1
1:52:36 PM,1
5:11:32 PM,4
3:12:38 PM,3
6:15:37 PM,2
2:36:06 PM,1
2:06:28 PM,9
5:26:11 PM,3
11:48:50 AM,2
8:39:09 PM,2
7:57:15 PM,5
12:30:16 PM,1
6:26:17 PM,3
12:00:32 PM,2
6:06:40 PM,1
1:31:53 PM,2
4:23:53 PM,2
4:34:46 PM,3
7:47:28 PM,1
5:57:13 PM,3
8:08:33 PM,1
5:10:08 PM,4
2:19:03 PM,1
4:07:03 PM,2
5:09:09 PM,2
1:07:37 PM,3
5:15:50 PM,3
6:21:27 PM,2
7:19:55 PM,2
4:12:42 PM,2
9:06:05 PM,4
1:21:23 PM,1
3:01:40 PM,1
7:00:24 PM,3
7:39:29 PM,3
12:35:27 PM,5
2:53:19 PM,1
4:39:02 PM,2
5:10:49 PM,3
5:34:35 PM,3
11:35:51 AM,3
11:43:29 AM,1
12:59:13 PM,2
7:46:07 PM,2
5:09:14 PM,2
9:16:08 PM,1
2:03:49 PM,1
2:02:50 PM,1
2:41:33 PM,1
3:01:10 PM,2
5:57:38 PM,4
7:27:52 PM,3
6:18:28 PM,2
12:47:25 PM,1
4:34:25 PM,2
10:20:25 PM,3
5:33:17 PM,3
1:33:59 PM,1
8:18:25 PM,2
3:39:04 PM,2
9:22:58 PM,4
4:21:26 PM,2
5:54:47 PM,1
4:17:38 PM,3
2:32:44 PM,1
8:05:01 PM,2
12:20:46 PM,3
4:53:40 PM,2
8:28:11 PM,4
2:36:36 PM,2
5:19:54 PM,2
9:34:36 PM,4
12:12:02 PM,2
5:21:12 PM,1
12:26:16 PM,4
4:45:25 PM,1
5:28:45 PM,3
6:20:47 PM,2
2:05:44 PM,1
4:39:49 PM,4
7:35:26 PM,2
3:50:39 PM,3
7:21:09 PM,1
5:31:39 PM,1
4:50:51 PM,1
5:54:20 PM,1
12:22:46 PM,2
1:15:20 PM,1
4:40:04 PM,2
7:09:51 PM,2
8:50:54 PM,3
2:50:37 PM,3
1:16:58 PM,2
12:04:48 PM,2
4:52:11 PM,3
4:07:49 PM,2
4:34:15 PM,4
11:18:53 AM,1
4:49:23 PM,3
5:28:16 PM,1
6:04:47 PM,2
8:19:32 PM,3
9:22:53 PM,2
1:18:06 PM,1
3:31:33 PM,3
1:35:21 PM,4
1:04:13 PM,11
4:32:04 PM,4
8:52:08 PM,1
11:23:35 AM,4
2:22:19 PM,10
6:16:23 PM,1
9:46:20 PM,4
4:19:42 PM,4
6:01:13 PM,1
3:45:47 PM,2
12:27:51 PM,3
9:01:50 PM,3
11:44:12 AM,3
12:29:44 PM,5
1:04:06 PM,3
3:31:30 PM,1
2:22:23 PM,1
12:10:01 PM,8
2:41:49 PM,14
11:56:33 AM,2
1:22:56 PM,8
3:48:51 PM,2
4:38:42 PM,1
7:09:34 PM,4
2:13:38 PM,1
9:34:49 PM,1
5:10:40 PM,2
1:20:32 PM,5
2:46:54 PM,2
8:01:53 PM,4
1:31:17 PM,1
7:49:26 PM,1
7:34:00 PM,2
3:58:50 PM,1
12:07:51 PM,10
6:11:16 PM,1
6:21:44 PM,3
12:08:01 PM,3
9:00:34 PM,1
6:53:34 PM,1
5:02:56 PM,1
2:42:35 PM,2
7:49:06 PM,2
10:31:24 PM,2
5:26:17 PM,3
7:28:56 PM,2
1:08:26 PM,1
1:13:23 PM,1
8:08:10 PM,1
1:49:34 PM,1
3:10:13 PM,2
8:14:47 PM,1
12:33:24 PM,5
3:13:54 PM,3
4:33:35 PM,2
5:36:59 PM,2
12:32:00 PM,4
2:38:13 PM,1
7:16:45 PM,1
1:27:02 PM,2
12:32:02 PM,4
2:18:52 PM,1
7:00:37 PM,2
5:00:41 PM,1
11:37:51 AM,1
6:37:05 PM,2
5:16:04 PM,1
6:58:00 PM,4
12:29:20 PM,1
1:27:04 PM,1
1:59:08 PM,5
5:41:34 PM,4
3:01:55 PM,1
4:59:32 PM,3
4:33:38 PM,2
7:05:52 PM,1
8:05:16 PM,2
12:26:44 PM,2
3:08:01 PM,5
5:14:27 PM,2
12:00:52 PM,5
6:24:57 PM,3
8:56:35 PM,4
12:37:21 PM,2
3:15:54 PM,3
5:20:38 PM,1
6:51:01 PM,1
9:35:04 PM,1
11:35:56 AM,2
7:42:12 PM,2
11:49:43 AM,14
9:28:27 PM,2
4:55:44 PM,4
5:54:30 PM,3
5:30:07 PM,3
1:09:57 PM,2
6:04:27 PM,2
2:06:09 PM,5
11:56:58 AM,1
2:57:13 PM,2
7:33:52 PM,1
7:05:17 PM,3
2:35:11 PM,1
12:42:01 PM,1
2:26:17 PM,1
5:21:38 PM,2
4:08:25 PM,3
7:04:35 PM,1
6:07:49 PM,2
8:56:38 PM,3
7:24:26 PM,2
8:34:14 PM,2
8:15:06 PM,2
5:42:20 PM,1
5:36:12 PM,2
2:41:55 PM,3
11:54:41 AM,3
5:05:27 PM,1
12:29:39 PM,2
2:15:54 PM,1
8:48:13 PM,2
11:31:55 AM,1
7:48:59 PM,2
1:33:20 PM,10
5:02:20 PM,1
5:03:46 PM,2
7:34:01 PM,2
1:10:35 PM,1
8:06:38 PM,1
8:48:40 PM,3
5:43:56 PM,4
2:12:01 PM,3
4:01:47 PM,2
1:39:14 PM,1
6:13:08 PM,2
8:13:32 PM,1
1:33:31 PM,1
4:04:23 PM,5
1:06:10 PM,1
6:22:28 PM,3
1:43:20 PM,4
4:10:21 PM,1
5:51:40 PM,1
7:57:22 PM,1
8:41:17 PM,2
7:08:46 PM,2
1:02:11 PM,4
5:19:07 PM,3
3:50:46 PM,4
8:59:18 PM,2
9:47:02 PM,1
4:20:57 PM,2
6:30:16 PM,3
3:55:11 PM,3
4:19:26 PM,2
7:55:17 PM,2
8:24:37 PM,2
12:59:26 PM,11
4:05:24 PM,2
12:43:03 PM,2
6:57:43 PM,3
3:16:01 PM,1
3:29:24 PM,1
3:56:21 PM,4
5:24:50 PM,4
8:46:01 PM,3
8:54:54 PM,2
6:35:11 PM,2
6:11:40 PM,3
1:42:51 PM,3
4:41:21 PM,5
2:43:05 PM,1
6:45:21 PM,5
12:09:38 PM,1
1:45:29 PM,2
2:28:06 PM,2
4:20:26 PM,1
3:19:25 PM,2
4:16:59 PM,1
3:43:17 PM,3
11:27:33 AM,1
3:13:31 PM,2
5:31:05 PM,4
1:04:38 PM,2
5:03:26 PM,2
5:35:45 PM,2
1:13:33 PM,16
9:21:53 PM,1
1:08:29 PM,2
9:02:21 PM,8
12:25:18 PM,1
1:09:41 PM,1
2:55:08 PM,3
9:41:41 PM,3
6:55:30 PM,2
11:45:15 AM,1
4:12:29 PM,2
11:37:43 AM,2
4:30:33 PM,2
12:51:37 PM,1
7:07:00 PM,3
12:45:51 PM,4
6:49:32 PM,3
8:26:22 PM,6
1:31:40 PM,1
7:10:20 PM,2
5:53:41 PM,4
6:58:24 PM,2
2:31:27 PM,1
4:23:34 PM,2
7:59:20 PM,3
12:40:49 PM,1
4:27:20 PM,1
5:51:35 PM,3
10:22:05 PM,1
12:09:32 PM,2
8:23:35 PM,1
12:31:16 PM,1
7:27:14 PM,2
4:02:07 PM,1
6:27:57 PM,3
4:50:08 PM,4
12:03:58 PM,1
6:20:12 PM,1
12:03:18 PM,2
6:47:27 PM,1
7:31:25 PM,3
7:18:46 PM,2
8:54:32 PM,1
2:39:50 PM,1
12:02:54 PM,1
5:42:00 PM,2
6:01:21 PM,4
6:47:34 PM,4
2:02:20 PM,2
2:06:14 PM,3
4:34:34 PM,3
6:35:20 PM,7
5:47:31 PM,2
1:06:24 PM,1
7:20:59 PM,2
8:12:39 PM,1
1:17:54 PM,4
12:11:55 PM,2
3:31:07 PM,1
8:44:56 PM,4
11:49:29 AM,1
5:56:27 PM,4
6:54:36 PM,1
1:34:49 PM,6
6:33:34 PM,3
12:42:10 PM,1
11:56:46 AM,1
1:01:53 PM,1
11:55:24 AM,1
9:27:53 PM,2
5:13:57 PM,2
4:05:30 PM,2
1:04:23 PM,2
4:34:30 PM,1
5:24:48 PM,2
5:36:55 PM,2
8:34:39 PM,4
8:22:25 PM,4
5:01:57 PM,3
2:03:25 PM,10
2:38:40 PM,1
3:13:04 PM,1
4:16:42 PM,2
12:29:59 PM,1
4:49:53 PM,2
3:25:24 PM,1
2:31:37 PM,4
1:14:04 PM,8
11:34:32 AM,1
6:52:20 PM,2
8:30:08 PM,2
6:24:07 PM,2
11:51:37 AM,1
3:49:05 PM,1
6:42:17 PM,6
6:49:15 PM,3
11:51:54 AM,1
10:20:30 PM,1
1:59:42 PM,1
5:08:22 PM,1
5:14:36 PM,2
10:00:17 PM,7
12:01:17 PM,2
9:07:30 PM,2
11:45:30 AM,2
12:34:15 PM,1
9:44:35 PM,2
7:00:20 PM,3
1:00:58 PM,1
5:48:20 PM,2
4:28:38 PM,1
5:28:53 PM,3
11:54:09 AM,1
4:11:41 PM,4
8:29:43 PM,4
6:33:38 PM,4
6:35:19 PM,2
9:28:46 PM,4
1:29:23 PM,1
2:20:54 PM,1
9:39:40 PM,4
3:27:51 PM,2
3:51:32 PM,2
7:07:06 PM,1
1:14:22 PM,4
7:22:44 PM,3
9:58:31 PM,2
11:57:25 AM,5
12:21:17 PM,4
6:36:09 PM,3
1:02:13 PM,4
12:13:32 PM,3
7:22:00 PM,1
5:09:15 PM,4
9:15:41 PM,1
1:38:46 PM,4
7:28:51 PM,2
9:08:02 PM,2
12:34:39 PM,2
11:53:36 AM,1
4:39:08 PM,3
12:43:23 PM,2
6:30:10 PM,2
6:59:18 PM,4
9:18:50 PM,3
1:34:37 PM,1
6:28:00 PM,1
12:53:36 PM,1
6:10:14 PM,1
4:30:24 PM,1
5:30:05 PM,3
9:08:30 PM,1
5:38:46 PM,1
5:45:42 PM,1
1:43:30 PM,1
7:51:02 PM,2
7:06:42 PM,2
7:09:03 PM,1
2:47:17 PM,1
3:26:55 PM,2
10:29:35 PM,2
5:30:36 PM,5
2:35:54 PM,4
12:10:23 PM,1
7:35:46 PM,5
10:25:41 PM,2
5:07:38 PM,4
1:18:01 PM,1
6:45:28 PM,3
1:48:40 PM,10
7:48:33 PM,1
4:26:19 PM,4
11:34:01 AM,4
9:58:39 PM,3
1:07:26 PM,1
12:00:07 PM,2
8:19:08 PM,1
12:06:23 PM,2
12:41:13 PM,4
5:10:13 PM,1
5:51:15 PM,1
12:37:40 PM,7
12:42:22 PM,1
9:15:23 PM,1
3:14:43 PM,3
9:42:45 PM,1
4:56:33 PM,2
5:50:19 PM,1
5:21:48 PM,1
2:23:30 PM,1
7:49:47 PM,6
8:46:23 PM,4
10:40:30 PM,4
3:26:04 PM,4
1:49:24 PM,1
9:23:14 PM,2
9:39:28 PM,1
5:12:58 PM,3
8:05:46 PM,1
2:25:24 PM,2
12:57:49 PM,13
5:30:09 PM,4
5:08:47 PM,1
5:18:37 PM,2
7:40:47 PM,1
11:02:31 PM,2
5:46:45 PM,4
11:50:41 AM,2
11:58:42 AM,1
4:40:16 PM,1
7:11:09 PM,1
3:26:21 PM,3
10:00:46 PM,3
4:14:53 PM,1
4:21:06 PM,4
1:43:55 PM,2
1:22:05 PM,3
5:29:31 PM,1
12:57:25 PM,4
5:33:20 PM,3
10:20:17 PM,4
6:16:47 PM,3
4:53:33 PM,4
4:56:08 PM,4
6:53:02 PM,3
1:41:36 PM,8
8:24:50 PM,2
8:30:48 PM,2
3:35:47 PM,2
11:44:36 AM,1
1:30:47 PM,3
2:48:09 PM,2
4:39:39 PM,2
5:42:17 PM,3
2:47:28 PM,1
8:07:37 PM,2
11:40:47 AM,3
1:41:46 PM,1
4:58:41 PM,3
1:21:21 PM,4
3:00:58 PM,9
8:20:30 PM,1
5:30:27 PM,3
1:04:26 PM,9
1:25:47 PM,4
1:21:01 PM,4
5:58:31 PM,1
6:41:49 PM,2
9:01:23 PM,1
1:11:32 PM,1
7:43:02 PM,1
9:35:31 PM,2
12:20:42 PM,1
7:30:56 PM,1
6:25:51 PM,3
12:54:19 PM,1
6:15:08 PM,3
1:13:59 PM,2
12:50:01 PM,3
11:19:25 AM,3
7:03:46 PM,1
5:00:44 PM,2
3:01:02 PM,2
11:57:19 AM,3
4:30:57 PM,1
7:04:06 PM,2
12:39:37 PM,3
1:38:14 PM,4
4:08:31 PM,2
7:40:59 PM,3
2:20:15 PM,1
4:10:28 PM,2
1:46:13 PM,1
1:41:43 PM,14
12:16:56 PM,1
2:56:38 PM,2
5:00:09 PM,2
1:02:59 PM,4
7:01:45 PM,2
5:51:33 PM,4
1:03:59 PM,2
1:22:44 PM,2
6:48:43 PM,1
1:22:33 PM,1
9:42:32 PM,2
2:32:25 PM,1
6:48:01 PM,3
6:05:33 PM,2
12:27:21 PM,3
2:11:44 PM,2
6:05:44 PM,2
6:10:11 PM,1
7:21:23 PM,1
12:46:47 PM,1
6:15:02 PM,4
4:56:21 PM,3
5:44:21 PM,1
8:40:50 PM,1
1:37:23 PM,1
1:17:31 PM,1
6:04:03 PM,2
8:28:51 PM,4
5:37:24 PM,1
1:24:46 PM,2
6:42:43 PM,2
1:12:50 PM,2
5:43:05 PM,3
8:17:59 PM,3
1:50:17 PM,2
7:07:27 PM,4
10:26:59 PM,1
4:30:09 PM,5
6:10:44 PM,5
1:24:17 PM,1
4:48:06 PM,5
5:11:36 PM,1
11:46:18 AM,2
2:17:14 PM,1
5:40:20 PM,2
5:08:01 PM,3
5:08:24 PM,2
5:59:55 PM,1
6:38:55 PM,2
11:52:00 AM,13
3:19:05 PM,2
6:21:31 PM,3
4:19:28 PM,1
5:33:55 PM,4
12:28:30 PM,2
8:29:17 PM,2
4:43:06 PM,2
8:45:20 PM,3
8:49:48 PM,1
1:25:12 PM,1
5:58:03 PM,2
7:23:31 PM,2
5:01:37 PM,3
3:09:34 PM,2
5:01:23 PM,2
7:13:36 PM,2
5:15:17 PM,5
9:47:56 PM,1
11:57:17 AM,2
1:34:27 PM,5
5:46:46 PM,2
2:26:35 PM,1
6:00:16 PM,4
7:05:34 PM,2
1:49:56 PM,2
2:25:13 PM,4
3:10:49 PM,2
6:03:20 PM,3
8:06:45 PM,1
5:00:52 PM,2
5:21:33 PM,4
5:40:57 PM,1
1:24:42 PM,2
8:16:05 PM,1
9:21:02 PM,3
6:20:06 PM,3
1:15:42 PM,10
12:52:11 PM,1
2:46:52 PM,1
5:00:18 PM,1
12:33:06 PM,1
8:12:33 PM,1
9:55:12 PM,2
6:18:15 PM,2
1:39:42 PM,2
2:03:30 PM,1
12:38:58 PM,2
1:19:00 PM,2
1:02:33 PM,1
5:02:57 PM,2
11:46:05 AM,2
7:06:07 PM,1
6:14:11 PM,1
2:53:46 PM,2
6:14:22 PM,4
8:05:17 PM,4
12:30:24 PM,5
6:35:58 PM,3
12:22:52 PM,1
8:56:46 PM,1
2:38:22 PM,2
8:52:46 PM,2
5:02:42 PM,3
3:39:12 PM,3
6:08:42 PM,1
4:35:33 PM,1
2:15:32 PM,1
5:05:35 PM,3
5:51:53 PM,8
11:31:03 AM,3
12:52:36 PM,9
4:10:39 PM,2
4:49:57 PM,4
12:01:32 PM,4
4:03:50 PM,1
12:45:11 PM,3
12:12:46 PM,3
12:34:26 PM,1
3:27:26 PM,1
4:34:59 PM,4
8:33:21 PM,3
12:39:39 PM,6
3:58:56 PM,2
4:41:38 PM,1
1:11:23 PM,1
9:23:45 PM,1
7:35:27 PM,1
12:00:51 PM,2
2:51:37 PM,3
1:48:31 PM,2
6:58:19 PM,3
8:45:45 PM,4
5:29:41 PM,2
5:01:03 PM,2
6:16:02 PM,1
8:17:48 PM,2
2:45:45 PM,1
7:36:26 PM,1
9:32:03 PM,3
2:33:52 PM,4
4:18:14 PM,2
5:58:01 PM,4
12:21:42 PM,2
1:36:09 PM,7
5:19:38 PM,3
1:06:49 PM,1
2:14:42 PM,1
9:02:53 PM,4
3:19:31 PM,2
1:55:25 PM,2
3:38:00 PM,2
5:13:04 PM,1
6:35:12 PM,3
7:12:01 PM,3
3:34:31 PM,3
11:46:19 AM,1
3:43:27 PM,2
8:37:53 PM,2
1:41:21 PM,3
8:54:47 PM,1
11:24:47 AM,2
4:50:44 PM,2
10:21:27 PM,2
2:00:00 PM,8
4:57:02 PM,4
5:42:41 PM,3
9:17:25 PM,3
8:03:43 PM,3
1:02:28 PM,8
11:34:38 AM,1
6:20:35 PM,3
10:37:50 PM,1
11:39:53 AM,2
4:00:53 PM,1
1:04:41 PM,5
5:50:51 PM,3
7:34:31 PM,7
12:56:21 PM,2
7:06:21 PM,3
1:11:25 PM,3
4:09:57 PM,4
6:53:17 PM,3
7:57:36 PM,4
4:09:29 PM,6
3:25:08 PM,1
4:26:36 PM,2
3:48:27 PM,1
7:03:49 PM,4
1:18:55 PM,1
5:30:57 PM,1
1:45:32 PM,1
5:46:35 PM,1
10:02:05 PM,4
2:47:20 PM,1
7:03:32 PM,2
6:43:12 PM,3
2:10:13 PM,1
12:52:52 PM,4
5:11:50 PM,2
11:48:27 AM,4
7:34:54 PM,4
8:08:46 PM,1
9:11:17 PM,1
1:12:34 PM,1
12:03:04 PM,2
1:54:15 PM,3
6:41:40 PM,1
11:56:03 AM,2
7:21:11 PM,3
7:24:03 PM,1
7:43:48 PM,1
11:57:32 AM,5
2:09:47 PM,4
4:39:19 PM,1
4:54:36 PM,2
3:11:34 PM,7
7:34:23 PM,2
7:51:29 PM,2
5:09:56 PM,4
12:48:47 PM,1
7:17:32 PM,2
3:03:44 PM,2
7:52:39 PM,4
6:45:15 PM,3
11:15:48 AM,4
5:00:49 PM,3
8:15:29 PM,3
8:00:30 PM,1
7:26:40 PM,2
8:39:52 PM,3
11:37:42 AM,1
4:43:54 PM,1
8:59:30 PM,2
2:54:01 PM,1
7:42:45 PM,1
5:47:30 PM,2
5:55:47 PM,1
7:03:13 PM,3
12:07:37 PM,1
7:01:34 PM,1
1:33:21 PM,2
5:31:32 PM,3
8:55:20 PM,4
6:02:55 PM,1
6:36:34 PM,1
5:04:40 PM,4
2:42:01 PM,7
3:18:26 PM,3
4:49:12 PM,3
2:19:58 PM,2
2:07:26 PM,2
5:18:14 PM,1
2:08:16 PM,3
1:03:42 PM,3
1:14:37 PM,2
7:33:07 PM,3
5:59:29 PM,3
5:35:29 PM,4
6:33:46 PM,2
7:30:52 PM,3
1:49:59 PM,1
8:52:50 PM,3
12:33:55 PM,1
7:44:10 PM,1
8:47:42 PM,2
2:56:46 PM,2
1:06:54 PM,2
2:56:15 PM,1
8:49:02 PM,3
3:54:26 PM,2
11:38:21 AM,1
11:53:50 AM,1
3:08:48 PM,2
4:58:16 PM,5
1:24:11 PM,3
2:33:19 PM,1
7:52:49 PM,3
6:38:20 PM,4
9:09:39 PM,3
3:27:03 PM,3
11:53:19 AM,1
5:20:13 PM,4
3:17:06 PM,1
11:32:07 AM,1
12:52:30 PM,2
9:08:21 PM,4
4:52:53 PM,2
2:32:22 PM,4
6:00:51 PM,2
4:37:35 PM,2
5:48:53 PM,4
10:59:17 PM,2
5:52:16 PM,3
9:36:47 PM,1
12:28:34 PM,3
4:27:52 PM,2
12:12:03 PM,1
10:13:15 PM,1
12:38:29 PM,1
2:33:39 PM,3
12:17:29 PM,1
6:32:30 PM,2
1:53:10 PM,1
1:41:08 PM,2
1:14:20 PM,1
4:29:16 PM,1
9:44:07 PM,1
12:53:24 PM,1
3:44:50 PM,3
3:40:12 PM,3
2:08:53 PM,4
4:12:54 PM,4
12:24:41 PM,1
8:01:26 PM,3
4:25:58 PM,4
12:53:21 PM,1
1:45:24 PM,6
4:59:31 PM,1
11:43:54 AM,4
7:06:09 PM,1
12:27:47 PM,10
4:18:23 PM,1
1:10:53 PM,12
2:57:48 PM,1
6:19:47 PM,3
11:36:48 AM,1
2:01:11 PM,2
1:21:53 PM,11
1:31:29 PM,13
5:38:39 PM,4
1:47:42 PM,1
12:09:18 PM,1
12:58:00 PM,2
6:05:39 PM,3
6:18:12 PM,2
7:52:33 PM,2
6:23:08 PM,2
7:45:19 PM,1
7:53:21 PM,2
12:28:14 PM,6
1:36:47 PM,8
12:11:19 PM,1
6:33:14 PM,4
5:19:16 PM,1
1:59:47 PM,1
3:32:23 PM,2
7:36:04 PM,3
12:54:53 PM,2
6:06:25 PM,4
1:21:08 PM,3
4:07:41 PM,1
2:37:52 PM,5
5:52:48 PM,1
9:17:17 PM,4
7:02:51 PM,2
3:14:42 PM,6
8:20:24 PM,1
5:19:26 PM,4
6:39:12 PM,4
9:03:34 PM,4
8:41:25 PM,1
8:14:27 PM,2
11:46:21 AM,3
6:43:59 PM,1
6:45:53 PM,4
6:29:04 PM,2
1:46:18 PM,1
6:15:20 PM,1
4:08:52 PM,1
5:07:49 PM,1
7:54:39 PM,2
1:23:38 PM,1
5:30:29 PM,2
1:33:00 PM,4
8:26:17 PM,2
7:36:33 PM,4
7:01:54 PM,1
9:59:06 PM,3
5:11:00 PM,2
9:23:59 PM,4
4:59:21 PM,4
6:03:43 PM,3
4:48:57 PM,1
7:30:16 PM,4
6:21:37 PM,2
5:08:04 PM,2
12:09:54 PM,1
2:03:29 PM,4
8:40:10 PM,3
3:59:59 PM,4
6:19:46 PM,1
12:32:19 PM,2
9:23:40 PM,1
11:40:06 AM,1
7:02:12 PM,3
1:57:38 PM,14
12:02:16 PM,1
7:50:43 PM,2
2:48:50 PM,4
6:04:00 PM,4
9:47:55 PM,2
5:37:57 PM,3
4:24:46 PM,2
7:28:13 PM,2
12:14:24 PM,7
12:47:34 PM,4
10:22:25 PM,2
3:07:28 PM,4
6:17:07 PM,1
11:35:10 AM,1
12:47:00 PM,1
4:55:35 PM,1
2:28:48 PM,1
6:25:46 PM,2
8:22:03 PM,2
1:06:59 PM,3
2:38:42 PM,1
9:30:31 PM,3
12:20:01 PM,1
8:27:48 PM,4
6:05:29 PM,4
5:50:57 PM,4
11:26:02 AM,1
12:53:29 PM,8
4:21:46 PM,1
2:05:48 PM,6
4:04:11 PM,4
12:19:43 PM,5
1:56:27 PM,10
1:32:08 PM,1
3:35:43 PM,1
7:20:15 PM,4
3:57:20 PM,2
2:23:00 PM,2
10:50:46 AM,3
4:17:55 PM,1
1:44:52 PM,2
3:29:31 PM,1
8:12:14 PM,2
10:16:18 PM,1
9:59:46 PM,3
3:27:24 PM,3
4:43:09 PM,4
2:33:55 PM,1
5:31:16 PM,5
4:41:58 PM,1
12:26:56 PM,1
5:13:55 PM,2
3:09:10 PM,1
2:04:34 PM,4
3:44:27 PM,4
8:46:02 PM,1
2:08:46 PM,1
5:18:29 PM,1
8:15:36 PM,3
1:05:32 PM,3
4:34:35 PM,3
6:33:21 PM,4
4:03:23 PM,2
5:48:59 PM,4
1:02:00 PM,1
7:12:59 PM,2
11:28:44 AM,2
12:56:54 PM,5
7:36:15 PM,2
1:00:08 PM,1
5:15:31 PM,3
2:39:52 PM,1
10:11:02 PM,1
5:13:15 PM,4
2:17:24 PM,1
4:54:05 PM,1
4:01:35 PM,1
12:37:30 PM,9
6:57:53 PM,2
3:52:00 PM,1
7:09:52 PM,2
10:23:06 PM,1
1:18:56 PM,1
5:18:27 PM,1
7:48:15 PM,2
12:43:12 PM,1
4:43:47 PM,1
6:40:21 PM,1
12:56:32 PM,1
6:19:24 PM,4
9:53:36 PM,1
12:34:13 PM,1
3:27:21 PM,3
6:24:47 PM,3
8:19:33 PM,2
1:30:03 PM,1
12:19:15 PM,2
12:40:35 PM,2
2:10:09 PM,1
3:16:15 PM,2
9:39:19 PM,2
3:16:59 PM,2
2:09:03 PM,8
7:17:24 PM,1
2:05:21 PM,1
9:01:55 PM,3
5:33:30 PM,2
12:31:46 PM,1
2:27:07 PM,1
3:16:44 PM,2
3:54:08 PM,2
5:46:17 PM,1
7:38:48 PM,4
1:25:31 PM,1
7:42:52 PM,6
6:08:06 PM,2
7:24:40 PM,2
5:08:55 PM,6
6:29:26 PM,2
7:24:01 PM,1
2:23:57 PM,6
8:29:40 PM,4
6:08:56 PM,2
5:36:45 PM,1
7:33:50 PM,4
5:20:30 PM,4
8:08:11 PM,2
6:11:42 PM,2
8:35:12 PM,1
2:31:36 PM,3
7:31:37 PM,1
6:37:03 PM,4
4:30:08 PM,4
8:00:18 PM,1
12:34:52 PM,3
8:32:57 PM,3
8:56:05 PM,3
12:39:34 PM,2
6:37:13 PM,3
2:48:47 PM,3
9:16:00 PM,4
12:34:20 PM,14
5:09:08 PM,2
3:05:54 PM,1
5:17:19 PM,4
2:20:17 PM,1
4:04:46 PM,2
5:10:43 PM,1
7:03:28 PM,1
5:53:01 PM,3
12:00:00 PM,1
8:00:00 PM,4
8:02:56 PM,3
4:58:06 PM,2
8:22:43 PM,4
3:08:43 PM,1
6:47:24 PM,2
7:01:00 PM,2
5:04:01 PM,4
5:42:03 PM,1
1:00:09 PM,1
1:50:53 PM,1
5:48:27 PM,4
7:48:52 PM,1
8:29:39 PM,3
8:01:03 PM,2
1:58:37 PM,2
5:47:22 PM,1
12:52:24 PM,2
6:45:13 PM,2
6:36:19 PM,4
3:31:01 PM,3
1:48:49 PM,5
5:24:44 PM,5
9:03:33 PM,1
12:49:29 PM,4
4:39:46 PM,2
5:28:29 PM,4
5:30:17 PM,1
12:43:50 PM,1
1:35:51 PM,9
2:32:17 PM,2
5:05:42 PM,4
8:20:51 PM,1
12:41:17 PM,1
7:16:07 PM,1
12:06:37 PM,1
4:42:27 PM,4
12:54:17 PM,4
5:38:36 PM,4
1:53:01 PM,2
6:23:27 PM,1
6:19:27 PM,1
1:19:35 PM,1
9:21:56 PM,1
12:50:12 PM,1
9:11:28 PM,2
7:56:06 PM,1
6:02:09 PM,1
8:58:23 PM,1
7:27:48 PM,1
7:44:57 PM,2
5:43:34 PM,1
7:35:00 PM,1
2:34:50 PM,3
2:41:14 PM,3
2:08:26 PM,1
9:25:54 PM,3
12:14:27 PM,11
6:29:00 PM,2
8:14:33 PM,1
8:59:44 PM,3
2:40:22 PM,1
4:26:31 PM,3
2:53:51 PM,3
1:15:50 PM,1
7:05:47 PM,2
9:13:49 PM,1
6:24:39 PM,2
8:35:51 PM,2
2:57:26 PM,1
12:16:02 PM,1
6:14:45 PM,2
9:10:46 PM,4
4:33:36 PM,1
1:40:00 PM,6
5:42:23 PM,4
5:21:39 PM,2
7:21:40 PM,1
12:07:53 PM,3
7:05:15 PM,2
3:14:30 PM,2
12:56:35 PM,1
5:56:16 PM,4
9:01:00 PM,4
10:09:40 PM,2
9:47:12 PM,1
9:11:26 PM,2
8:18:08 PM,2
5:47:02 PM,4
11:27:46 AM,4
6:01:27 PM,2
5:54:00 PM,2
5:57:21 PM,1
8:22:42 PM,3
2:38:10 PM,2
4:12:25 PM,1
6:57:35 PM,3
9:13:02 PM,2
9:14:55 PM,4
4:03:07 PM,2
9:35:14 PM,2
5:27:51 PM,1
7:13:06 PM,1
7:33:23 PM,1
12:56:17 PM,2
9:09:10 PM,1
5:38:25 PM,2
12:32:48 PM,1
4:41:43 PM,4
5:00:57 PM,1
12:27:39 PM,2
12:56:00 PM,3
7:52:20 PM,4
6:22:26 PM,2
8:30:11 PM,3
7:25:05 PM,2
4:10:40 PM,2
12:23:40 PM,1
1:39:12 PM,4
2:54:00 PM,1
5:12:05 PM,2
4:10:25 PM,3
6:51:00 PM,1
5:28:09 PM,5
12:01:12 PM,4
12:54:20 PM,1
9:10:05 PM,1
1:56:01 PM,3
10:06:27 PM,2
12:17:09 PM,3
12:47:43 PM,1
3:28:30 PM,3
1:34:18 PM,2
8:02:14 PM,1
7:05:53 PM,1
3:19:27 PM,1
7:55:23 PM,2
6:29:22 PM,2
4:32:20 PM,3
7:11:50 PM,1
6:06:44 PM,3
9:16:27 PM,1
8:55:45 PM,2
11:25:36 AM,4
6:04:32 PM,2
5:38:33 PM,2
7:32:29 PM,1
5:59:48 PM,3
7:37:26 PM,3
12:44:10 PM,5
2:10:00 PM,1
7:14:03 PM,1
4:18:49 PM,1
8:15:27 PM,3
7:39:20 PM,1
8:04:42 PM,5
4:03:08 PM,2
7:40:03 PM,1
9:03:04 PM,4
9:05:59 PM,4
9:38:28 PM,1
4:49:40 PM,4
1:28:21 PM,2
7:35:17 PM,1
3:14:47 PM,2
2:24:16 PM,2
1:50:11 PM,2
1:08:00 PM,1
9:09:17 PM,2
9:58:59 PM,2
4:21:33 PM,3
3:46:49 PM,2
11:57:39 AM,1
4:49:38 PM,7
12:19:24 PM,1
5:44:04 PM,1
1:14:47 PM,1
2:15:29 PM,1
4:46:00 PM,4
8:59:51 PM,2
11:43:47 AM,5
10:07:29 PM,1
2:14:05 PM,1
11:41:34 AM,3
5:02:47 PM,1
5:23:06 PM,1
8:35:42 PM,1
6:44:52 PM,3
6:21:32 PM,1
5:45:58 PM,2
7:39:40 PM,2
3:23:57 PM,1
8:07:58 PM,2
7:01:12 PM,4
1:45:00 PM,2
10:48:39 PM,4
4:38:25 PM,1
5:33:33 PM,1
5:50:42 PM,3
7:05:23 PM,1
3:08:13 PM,2
5:27:05 PM,3
10:24:52 PM,2
2:40:34 PM,2
5:49:17 PM,4
6:46:36 PM,1
12:59:05 PM,1
6:47:53 PM,1
1:57:48 PM,2
3:25:06 PM,1
6:48:09 PM,2
4:50:34 PM,2
8:20:18 PM,2
12:04:00 PM,3
1:43:35 PM,7
6:36:47 PM,3
6:50:19 PM,1
11:38:36 AM,1
11:39:06 AM,2
1:06:44 PM,2
12:16:34 PM,14
11:48:18 AM,1
7:12:08 PM,3
12:24:36 PM,16
5:11:27 PM,4
10:25:26 PM,2
6:15:40 PM,4
12:49:48 PM,2
4:42:45 PM,2
7:12:49 PM,1
1:30:45 PM,4
12:45:49 PM,12
10:38:02 PM,2
9:56:36 PM,1
1:11:07 PM,1
4:40:05 PM,2
9:08:05 PM,3
12:22:34 PM,1
2:52:00 PM,2
5:22:03 PM,1
4:08:15 PM,2
7:37:48 PM,2
5:30:58 PM,2
2:49:58 PM,1
6:51:30 PM,7
4:39:27 PM,1
6:49:24 PM,3
3:58:10 PM,1
12:28:53 PM,1
7:23:51 PM,2
4:55:08 PM,4
8:36:27 PM,2
6:09:48 PM,2
2:35:25 PM,1
2:20:16 PM,1
11:28:28 AM,2
11:35:24 AM,1
1:14:08 PM,1
12:22:27 PM,5
12:14:07 PM,1
12:20:34 PM,1
4:14:40 PM,2
5:01:11 PM,1
9:13:37 PM,2
8:51:47 PM,2
6:59:02 PM,1
3:30:43 PM,1
1:51:47 PM,4
1:53:00 PM,10
3:25:13 PM,1
9:13:48 PM,2
1:52:52 PM,2
7:33:19 PM,1
12:51:29 PM,3
5:44:05 PM,1
9:32:07 PM,1
12:59:51 PM,5
8:58:38 PM,3
9:12:29 PM,3
4:22:26 PM,2
12:09:03 PM,1
6:40:09 PM,3
11:41:17 AM,3
4:48:44 PM,3
5:21:47 PM,1
1:48:58 PM,1
5:45:15 PM,6
12:15:10 PM,2
12:57:10 PM,2
7:41:18 PM,1
6:15:31 PM,3
12:23:20 PM,8
6:08:25 PM,2
12:26:55 PM,2
7:13:52 PM,3
5:04:37 PM,2
7:12:14 PM,1
7:43:01 PM,1
1:40:54 PM,1
1:33:06 PM,1
12:49:09 PM,1
5:43:17 PM,1
11:39:48 AM,1
12:07:59 PM,8
5:30:00 PM,1
11:25:59 AM,4
7:54:07 PM,2
8:21:20 PM,4
1:46:05 PM,4
12:03:55 PM,4
11:55:46 AM,1
8:07:50 PM,1
1:22:06 PM,2
8:47:23 PM,1
9:52:14 PM,5
2:43:38 PM,3
2:30:43 PM,2
3:07:56 PM,1
3:58:02 PM,4
6:47:21 PM,3
1:20:21 PM,1
8:58:09 PM,3
2:30:34 PM,1
12:17:41 PM,1
9:24:48 PM,1
2:07:00 PM,1
12:57:03 PM,2
5:49:28 PM,4
6:04:24 PM,1
4:12:55 PM,4
7:18:42 PM,2
6:17:53 PM,3
10:40:10 PM,2
1:12:15 PM,1
9:36:48 PM,2
4:49:58 PM,2
10:07:03 PM,1
12:12:59 PM,2
11:56:32 AM,1
7:35:53 PM,3
4:56:35 PM,2
5:49:26 PM,2
5:39:32 PM,2
1:41:20 PM,4
7:14:27 PM,3
3:18:10 PM,2
7:48:54 PM,4
3:37:29 PM,1
1:25:45 PM,7
3:48:20 PM,2
12:45:18 PM,2
6:11:50 PM,1
8:05:12 PM,7
1:27:14 PM,4
6:34:14 PM,1
2:17:17 PM,6
1:12:29 PM,1
1:35:53 PM,10
3:44:13 PM,2
4:07:02 PM,3
5:35:39 PM,2
9:43:21 PM,1
6:28:28 PM,3
7:16:59 PM,1
2:20:57 PM,1
6:17:39 PM,2
1:03:10 PM,4
2:06:07 PM,4
9:31:24 PM,1
5:49:12 PM,4
8:20:10 PM,4
6:13:12 PM,4
1:51:38 PM,4
8:41:02 PM,4
2:16:38 PM,2
3:49:09 PM,2
4:02:56 PM,3
6:14:18 PM,1
6:56:22 PM,3
4:43:53 PM,2
12:44:09 PM,1
5:45:02 PM,2
3:54:13 PM,2
4:46:19 PM,3
3:42:22 PM,1
5:24:03 PM,4
6:15:58 PM,4
1:55:11 PM,9
12:59:34 PM,1
6:35:13 PM,2
3:11:52 PM,3
3:31:59 PM,4
7:45:07 PM,2
4:28:43 PM,3
6:42:12 PM,4
11:37:33 AM,3
5:05:19 PM,4
4:20:21 PM,1
2:07:38 PM,4
7:57:11 PM,3
5:17:43 PM,2
12:30:31 PM,1
9:46:22 PM,2
1:29:11 PM,2
5:38:20 PM,2
5:59:30 PM,1
1:46:38 PM,1
10:18:17 PM,2
4:22:10 PM,3
7:07:02 PM,1
8:24:54 PM,3
9:49:53 PM,4
8:16:14 PM,4
12:52:01 PM,9
10:50:29 PM,1
3:45:37 PM,2
10:16:53 PM,4
1:47:53 PM,1
3:49:13 PM,1
2:38:35 PM,2
4:37:24 PM,1
3:13:10 PM,5
12:32:33 PM,1
7:51:21 PM,3
8:19:40 PM,1
2:26:51 PM,3
1:52:26 PM,1
4:50:09 PM,2
10:06:26 PM,2
5:10:25 PM,1
4:12:23 PM,4
12:42:52 PM,1
12:57:06 PM,1
6:19:19 PM,1
6:28:07 PM,4
3:26:41 PM,2
1:27:07 PM,1
4:40:27 PM,4
11:31:48 AM,4
12:49:05 PM,3
6:17:13 PM,1
7:13:16 PM,2
11:40:48 AM,2
2:56:26 PM,1
1:19:06 PM,3
12:36:39 PM,1
3:06:15 PM,1
4:12:18 PM,3
4:18:42 PM,2
4:05:14 PM,2
9:05:04 PM,3
2:18:04 PM,4
6:44:16 PM,1
12:10:20 PM,2
12:10:19 PM,1
12:58:28 PM,1
7:54:47 PM,2
8:06:37 PM,1
4:15:28 PM,1
6:53:59 PM,3
7:43:00 PM,4
6:04:31 PM,2
12:07:05 PM,1
1:47:27 PM,1
8:20:01 PM,2
12:32:07 PM,13
7:23:02 PM,2
2:09:33 PM,11
4:14:43 PM,2
12:23:54 PM,3
2:14:40 PM,2
9:04:20 PM,4
11:45:13 AM,1
9:27:05 PM,1
6:33:48 PM,4
7:24:32 PM,4
8:24:29 PM,1
2:58:58 PM,1
9:12:55 PM,1
12:28:09 PM,4
7:38:23 PM,1
3:53:33 PM,2
5:16:51 PM,2
5:39:40 PM,3
4:37:46 PM,3
2:47:42 PM,4
4:16:14 PM,1
2:59:13 PM,3
5:41:05 PM,1
8:03:34 PM,3
8:31:48 PM,3
1:00:15 PM,2
5:38:34 PM,3
12:13:08 PM,3
1:28:08 PM,3
5:21:45 PM,3
2:18:09 PM,1
11:37:05 AM,3
1:36:26 PM,1
12:01:01 PM,1
12:26:53 PM,4
6:25:35 PM,1
4:38:50 PM,2
12:50:51 PM,5
1:00:48 PM,2
6:40:22 PM,1
11:22:20 AM,6
9:40:57 PM,1
6:42:15 PM,5
12:35:15 PM,1
1:05:16 PM,5
2:41:40 PM,1
6:44:41 PM,1
7:13:55 PM,1
12:12:52 PM,2
3:30:17 PM,2
12:21:23 PM,1
3:59:36 PM,3
3:41:35 PM,1
